url,domain,query_id,query,text_length,word_count,sentence_count,flesch_reading_ease,keyword_density,title_length,has_meta_description,meta_description_length,keyword_in_title,h1_count,h2_count,h3_count,internal_link_count,external_link_count,image_count,alt_text_coverage,is_top_10,tfidf_14,tfidf_19,tfidf_add,tfidf_api,tfidf_apis,tfidf_app,tfidf_build,tfidf_changes,tfidf_code,tfidf_compiler,tfidf_component,tfidf_components,tfidf_const,tfidf_contributed,tfidf_data,tfidf_deprecated,tfidf_div,tfidf_documentation,tfidf_dom,tfidf_example,tfidf_function,tfidf_functions,tfidf_gh,tfidf_import,tfidf_instead,tfidf_js,tfidf_library,tfidf_like,tfidf_module,tfidf_modules,tfidf_new,tfidf_object,tfidf_objects,tfidf_pep,tfidf_python,tfidf_react,tfidf_reference,tfidf_release,tfidf_return,tfidf_server,tfidf_software,tfidf_square,tfidf_squares,tfidf_state,tfidf_support,tfidf_type,tfidf_types,tfidf_use,tfidf_using,tfidf_value,pagerank,hits_hub,hits_authority,in_degree,out_degree,clustering
https://docs.python.org/faq/index.html,docs.python.org,95d6a0c301431ebf,Python Frequently Asked Questions,1314.0,179.0,18.0,36.04865145872131,0.1508379888268156,63.0,1.0,200.0,1.0,1.0,0.0,4.0,29.0,7.0,3.0,1.0,0,0.2118340952756345,0.0,0.0,0.0,0.0,0.0,0.0,0.0,0.0408846135085574,0.0,0.0,0.0,0.0,0.0,0.0,0.0,0.0,0.2112552645016176,0.0,0.0,0.0,0.0,0.0,0.0,0.0,0.0,0.0485588894602389,0.0,0.0,0.1205909221517354,0.0,0.0,0.0,0.0,0.925583136396599,0.0,0.0,0.0,0.0,0.0,0.1829811662879008,0.0,0.0,0.0,0.0,0.0,0.0,0.0,0.0417084143608661,0.0,0.003521052783969153,3.5990045787822144e-19,0.0,3.0,6.0,0.9642857142857143
https://docs.python.org/3.14/,docs.python.org,e83ee9fb02b43c8e,3.14.4 Documentation,2842.0,369.0,64.0,38.89020769817074,0.02710027100271,20.0,1.0,34.0,1.0,1.0,0.0,8.0,68.0,18.0,3.0,1.0,1,0.1602604892147708,0.0,0.0,0.0236654923791213,0.0,0.0,0.0,0.0,0.011599032524213,0.0,0.0,0.0,0.0,0.0,0.0,0.0262499586044354,0.0,0.1498336705171878,0.0,0.0,0.0,0.0148245880831814,0.0,0.0,0.0,0.0,0.0275524746281918,0.0,0.0185790620485892,0.1197414547540047,0.0293363937179681,0.0,0.0,0.0453667895525372,0.9628280486454276,0.0,0.0358548077215299,0.0,0.0,0.0,0.0519120597446169,0.0,0.0,0.0,0.0,0.0,0.0,0.0272694819518419,0.0118327461895606,0.0,0.00548688223293398,-6.724455923514137e-18,-7.994676367454767e-18,8.0,19.0,0.5670995670995671
https://docs.python.org/3.6/,docs.python.org,c6945d1f84ada2e8,3.6.15 Documentation,1762.0,241.0,26.0,35.24747765719758,0.0373443983402489,20.0,0.0,0.0,1.0,1.0,0.0,5.0,31.0,10.0,2.0,0.0,0,0.0,0.0,0.0,0.032372352912676,0.0,0.0,0.0,0.0,0.0,0.0,0.0,0.0,0.0,0.0,0.0,0.0,0.0,0.3689271741514223,0.0,0.0,0.0,0.0405575163639692,0.0,0.0,0.0,0.0,0.0376894094571336,0.0,0.0508291096410112,0.2807931169129167,0.0802593138912362,0.0,0.0,0.0620578561553836,0.8620793976641606,0.0,0.0980925704467093,0.0620578561553836,0.0,0.0,0.0946816285109585,0.0,0.0,0.0,0.0,0.0,0.0,0.0373022998781847,0.032372352912676,0.0,0.005537541313120721,0.0,-1.3324460612424614e-17,9.0,0.0,0.9722222222222222
https://docs.python.org/3.15/library/index.html,docs.python.org,a83edcb1896df871,The Python Standard Library,14563.0,1906.0,102.0,16.892985412423116,0.0645330535152151,59.0,1.0,200.0,1.0,1.0,0.0,4.0,335.0,8.0,3.0,1.0,1,0.0,0.0,0.0,0.0378358142820044,0.0129247960913865,0.0,0.0,0.0,0.046360628526816,0.0154125489418069,0.0,0.0660826371600173,0.0,0.0,0.165380577383998,0.0,0.0,0.0598876080841747,0.0653469108631252,0.0,0.0279881107828411,0.1422071476570633,0.0,0.0513716938830434,0.0,0.0,0.1651883515153932,0.0289961151720758,0.0445556295603066,0.2598110605688863,0.0,0.1138739980238404,0.1840542811504893,0.0,0.7276908803538692,0.0,0.0286618977610124,0.0,0.0,0.0445556295603066,0.0553304933058421,0.0,0.0,0.0125055396879183,0.39456509624818,0.1104325686902936,0.2892201258181939,0.0108994463137245,0.0283768607115033,0.0181328302469097,0.002796418866742389,-1.0039328561866177e-18,-3.997338183727384e-18,3.0,5.0,1.0
https://docs.python.org/3.7/,docs.python.org,3019a87e3ce78639,3.7.17 Documentation,1762.0,241.0,26.0,35.24747765719758,0.0373443983402489,20.0,0.0,0.0,1.0,1.0,0.0,5.0,31.0,10.0,2.0,0.0,0,0.0,0.0,0.0,0.032372352912676,0.0,0.0,0.0,0.0,0.0,0.0,0.0,0.0,0.0,0.0,0.0,0.0,0.0,0.3689271741514223,0.0,0.0,0.0,0.0405575163639692,0.0,0.0,0.0,0.0,0.0376894094571336,0.0,0.0508291096410112,0.2807931169129167,0.0802593138912362,0.0,0.0,0.0620578561553836,0.8620793976641606,0.0,0.0980925704467093,0.0620578561553836,0.0,0.0,0.0946816285109585,0.0,0.0,0.0,0.0,0.0,0.0,0.0373022998781847,0.032372352912676,0.0,0.005537541313120721,0.0,-1.3324460612424614e-17,9.0,0.0,0.9722222222222222
https://docs.python.org/whatsnew/index.html,docs.python.org,0e4a13ba086ea09b,What’s New in Python,14379.0,1841.0,395.0,38.18895703353297,0.2183595871808799,50.0,1.0,200.0,1.0,1.0,0.0,4.0,536.0,9.0,3.0,1.0,0,0.1159974212811194,0.0,0.0,0.048624863313376,0.00302006520072,0.0,0.0685715623930847,0.4558735636158793,0.0086662641271781,0.0,0.0,0.0,0.0,0.0,0.003513050862578,0.0882574329827855,0.0,0.0223897667522857,0.0,0.0,0.0130796522918431,0.0138453137834209,0.0,0.0120037379236964,0.0,0.0,0.0051464857518684,0.0,0.0277628429116297,0.1405883488096316,0.216448203131148,0.013304151812803,0.0043006939963762,0.3982777714876726,0.7161109629784143,0.0,0.0,0.1482949149156228,0.0,0.0034703553639537,0.0129287685616182,0.0,0.0,0.0,0.0153659718390966,0.0344055519710097,0.0090107277118642,0.0,0.0066306631790967,0.0,0.003824564396864817,3.8831365192123894e-19,-1.6655575765530767e-18,4.0,8.0,0.9722222222222222
https://docs.python.org/2.6/,docs.python.org,fed758b7a842befd,Overview,1835.0,245.0,28.0,35.31456632653064,0.0040816326530612,38.0,0.0,0.0,1.0,1.0,0.0,6.0,33.0,13.0,2.0,0.0,0,0.0,0.0,0.0,0.028549222889314,0.0,0.0,0.0,0.0,0.0,0.0,0.0,0.0,0.0,0.0,0.0,0.0,0.0,0.3253573860752482,0.0,0.0,0.0422371675172422,0.0357677298784965,0.0,0.0,0.0,0.0,0.0332383424232657,0.0,0.0896525244439919,0.2476318388767187,0.1061712001938125,0.0,0.0,0.054728909331743,0.8869805178620872,0.0,0.0865079737955119,0.0,0.0,0.0,0.0834998593761201,0.0,0.0,0.0,0.0,0.0,0.0,0.0328969499492056,0.057098445778628,0.0,0.003805926876214105,-7.198009157564429e-19,-1.4656906673667074e-17,8.0,2.0,0.9777777777777777
https://docs.python.org/contents.html,docs.python.org,c29b6895c2959ed0,Python Documentation contents,120546.0,15457.0,2324.0,26.92156998992934,0.0367471048715792,59.0,1.0,196.0,1.0,1.0,0.0,4.0,5918.0,7.0,3.0,1.0,0,0.0571249313205749,0.0035760610136018,0.0,0.1703986465763638,0.0207476007915362,0.0042843698490431,0.1818896169456312,0.2741158023440873,0.0322489512462052,0.0123705399436719,0.0,0.0035359840246962,0.0018713621676728,0.0,0.0549727361005666,0.0879540218806231,0.0,0.1121574018490626,0.0116553880013262,0.0849089529667588,0.0349440547996182,0.1384468736039084,0.0,0.025961108392939,0.0061944620229453,0.0,0.2229388184716819,0.0025858986170714,0.1059602549550726,0.1012170801679113,0.111889602263255,0.0880133070566105,0.5154033648864876,0.2975466716858147,0.5578568748367634,0.0,0.0238568663147236,0.0565985516793669,0.0098484719405061,0.0225165541779529,0.0098688424481942,0.0,0.0,0.0133830580791162,0.0952999026680836,0.0919190714447238,0.1581964584861611,0.0204124629326067,0.0388036521906571,0.0080855073827667,0.016286620854894206,-2.7229310957891754e-20,2.331780607174307e-18,9.0,19.0,0.6736842105263158
https://docs.python.org/3.15/,docs.python.org,75d7a9116ae508d5,3.15.0a8 Documentation,2852.0,369.0,64.0,38.89020769817074,0.02710027100271,22.0,1.0,34.0,1.0,1.0,0.0,8.0,68.0,18.0,3.0,1.0,0,0.0405563596298509,0.0,0.0,0.0239556543087522,0.0,0.0,0.0,0.0,0.0117412479324184,0.0,0.0,0.0,0.0,0.0,0.0,0.0265718086010201,0.0,0.1516707768940365,0.0,0.0,0.0,0.0150063519364446,0.0,0.0,0.0,0.0,0.0278902947367342,0.0,0.0188068594004629,0.121209601328419,0.0296960864077821,0.0,0.0,0.0459230304701923,0.9746332559921465,0.0,0.0362944225002279,0.0,0.0,0.0,0.0525485520341204,0.0,0.0,0.0,0.0,0.0,0.0,0.0276038322952205,0.0119778271543761,0.0,0.00368975976439937,-7.624207068209691e-18,-9.327122428697229e-18,7.0,27.0,0.4039408866995074
https://docs.python.org/using/index.html,docs.python.org,9741152a4e483ae4,Python Setup and Usage,2556.0,330.0,106.0,41.90963979416813,0.1757575757575757,52.0,1.0,200.0,1.0,1.0,0.0,4.0,66.0,7.0,3.0,1.0,1,0.0996916788468766,0.0,0.0,0.0,0.0,0.066461119231251,0.0608968823384847,0.0,0.0192407919715207,0.031982919274774,0.0,0.0,0.0,0.0,0.0,0.0870882966686461,0.0,0.1242740926336944,0.0,0.0,0.0,0.0,0.0,0.0,0.0,0.0,0.0,0.0,0.0,0.1135030833195838,0.0,0.0,0.0,0.0,0.9582992796852444,0.0,0.0,0.0,0.0,0.0,0.0861131426499807,0.0,0.0,0.0,0.0,0.0,0.0,0.0,0.1373993780833981,0.0,0.003521052783969153,3.5990045787822144e-19,-1.6655575765530767e-18,3.0,6.0,0.9642857142857143
https://docs.python.org/glossary.html,docs.python.org,407257a6d1b1f9df,Glossary,66629.0,10246.0,764.0,47.1173357269802,0.0006831934413429,38.0,1.0,191.0,1.0,1.0,0.0,4.0,333.0,48.0,3.0,1.0,0,0.014508798162508,0.0,0.0056436748437744,0.0542766278119705,0.0039033712832539,0.0,0.0177254628429353,0.038909901043397,0.1204103805705429,0.0232734429680047,0.0,0.0,0.0,0.0,0.0998919893210323,0.0126745434854475,0.0,0.0470247481438591,0.0,0.1555543194551709,0.3803665002404562,0.0715791171885435,0.0,0.0568867966615218,0.0314658406193532,0.0,0.0299327647294775,0.1182196712112495,0.2152973725274063,0.094983470416871,0.0389531983494201,0.5559826191623535,0.2279008489684685,0.2300017014981892,0.4353083280529665,0.0,0.1009875636167267,0.0438098479044169,0.0889369166706218,0.0,0.0167101637140898,0.0424697173819803,0.010617429345495,0.1057490885209727,0.0148951485886096,0.1945495052169853,0.0989925098829892,0.0724174586398075,0.0856999386504798,0.1423820056893552,0.005564798729742224,2.6518981106816315e-19,0.0,7.0,9.0,0.8846153846153846
https://docs.python.org/3.11/,docs.python.org,6c41342c01bee33e,3.11.15 Documentation,2815.0,366.0,64.0,40.61407530737705,0.0273224043715847,21.0,0.0,0.0,1.0,1.0,0.0,8.0,67.0,18.0,3.0,1.0,0,0.0405474430550043,0.0338439806597525,0.0,0.0239503875050599,0.0,0.0,0.0,0.0,0.0117386665440261,0.0,0.0,0.0,0.0,0.0,0.0,0.0,0.0,0.1516374311044597,0.0,0.0,0.0,0.0150030526940708,0.0,0.0,0.0,0.0,0.0278841628771989,0.0,0.0188027245922354,0.1211829526229574,0.0296895575334077,0.0,0.0,0.0459129339984649,0.974418976642265,0.0,0.0362864429394958,0.0,0.0,0.0,0.0525369988991356,0.0,0.0,0.0,0.0,0.0,0.0,0.0275977634162836,0.0119751937525299,0.0,0.0036429419513041373,-6.572918888618045e-18,-1.3324460612424614e-17,7.0,19.0,0.6238095238095238
https://docs.python.org/3.13/,docs.python.org,209535b4e268c1e0,3.13.13 Documentation,2853.0,369.0,64.0,38.89020769817074,0.02710027100271,21.0,1.0,34.0,1.0,1.0,0.0,8.0,68.0,18.0,3.0,1.0,1,0.0607720971128548,0.0,0.0,0.02393106553186,0.0,0.0,0.0,0.0,0.0117291963757327,0.0,0.0,0.0,0.0,0.0,0.0,0.0265445345276472,0.0,0.1515150976190711,0.0,0.0,0.0,0.0149909489825125,0.0,0.0,0.0,0.0,0.0278616673310328,0.0,0.0187875554956778,0.1210851882856425,0.0296656054852474,0.0,0.0,0.0458758937426419,0.9736328642109658,0.0,0.036257168854563,0.0,0.0,0.0,0.052494614679485,0.0,0.0,0.0,0.0,0.0,0.0,0.0275754989228597,0.01196553276593,0.0,0.0036429419513041373,-6.6108031473420674e-18,-1.1992014551182151e-17,7.0,19.0,0.6238095238095238
https://docs.python.org/search.html,docs.python.org,3559d7accf003609,Search,834.0,108.0,19.0,41.26552631578949,0.0462962962962962,36.0,1.0,32.0,1.0,1.0,0.0,2.0,9.0,5.0,3.0,1.0,0,0.4017586353267881,0.0,0.0,0.0,0.0,0.0,0.0,0.0,0.0775406173764819,0.0,0.0,0.0,0.0,0.0,0.0,0.0,0.0,0.400660841029078,0.0,0.0,0.0,0.0,0.0,0.0,0.0,0.0,0.0,0.0,0.0,0.2287093786929812,0.0,0.0,0.0,0.0,0.7021740617842043,0.0,0.0,0.0,0.0,0.0,0.3470369751511235,0.0,0.0,0.0,0.0,0.0,0.0,0.0,0.0791030150904757,0.0,0.0027923405852625064,3.5990045787822144e-19,-3.3311151531061535e-18,2.0,6.0,0.9523809523809523
https://docs.python.org/3.9/,docs.python.org,56ee74d97d58651c,3.9.25 Documentation,2214.0,307.0,29.0,34.33039087947884,0.0325732899022801,20.0,0.0,0.0,1.0,1.0,0.0,8.0,35.0,18.0,3.0,1.0,0,0.0,0.0,0.0,0.0291889415687976,0.0,0.0,0.0,0.0,0.0286124182146773,0.0,0.0,0.0,0.0,0.0,0.0,0.0,0.0,0.3696087268079112,0.0,0.0,0.0,0.0365691977508344,0.0,0.0,0.0,0.0,0.033983132871877,0.0,0.0458307097821282,0.2531806663729521,0.072366825786264,0.0,0.0,0.1119105022789402,0.8636719951867847,0.0,0.0884464071804004,0.0559552511394701,0.0,0.0,0.1280563323447588,0.0,0.0,0.0,0.0,0.0,0.0,0.033634090622426,0.0291889415687976,0.0,0.003805926876214105,-5.114374927743147e-19,-1.4656906673667074e-17,8.0,2.0,0.9777777777777777
https://docs.python.org/3.15/whatsnew/3.15.html,docs.python.org,2ea1c62a45a6cf96,What’s new in Python 3.15,87303.0,11741.0,1384.0,47.71548437451537,0.0567242994634187,57.0,1.0,200.0,1.0,1.0,11.0,101.0,693.0,307.0,4.0,1.0,0,0.0236233313621354,0.0069592339491802,0.0778368510064688,0.0114913043718497,0.0179449346633139,0.0,0.0140059416936707,0.0207628742956281,0.040229766681692,0.0160492193726081,0.0,0.0022937472240012,0.0,0.6012891794946879,0.0247881216164182,0.1565967762839177,0.0,0.0083148639762979,0.0,0.0230249710438502,0.0303586039068627,0.037020380563241,0.7230190857928147,0.0430922159702237,0.0798630687116398,0.0015971441765867,0.0057337348963279,0.0100646344548443,0.0567064166981906,0.0225452904331603,0.070207185620334,0.0312914089053868,0.014374297589281,0.0771009757876948,0.1894376883788235,0.0,0.0033162088787273,0.0094409358107381,0.0255543068253885,0.0141766041745476,0.0036010073204509,0.0,0.0,0.0021703542849191,0.0385185016912032,0.073468632122992,0.0368093485245251,0.0898516880140621,0.0172369565577746,0.0204553609232659,0.0024619524558046686,-1.041817114910641e-18,-2.9980036377955378e-18,2.0,5.0,1.0
https://docs.python.org/3.3/,docs.python.org,fed758b7a842befd,Overview,1681.0,225.0,26.0,35.243346153846176,0.0044444444444444,37.0,0.0,0.0,1.0,1.0,0.0,6.0,30.0,9.0,2.0,0.0,1,0.0,0.0961340175742843,0.0,0.0340156052633081,0.0,0.0,0.0,0.0,0.0,0.0,0.0,0.0,0.0,0.0,0.0,0.0,0.0,0.3445815813043794,0.0,0.0,0.050324410695063,0.0426162556307957,0.0,0.0,0.0,0.0,0.0396025608073439,0.0,0.10681849009233,0.2950464506342287,0.0843333552983484,0.0,0.0,0.0652079737349615,0.8555149818160713,0.0,0.103071845428695,0.0,0.0,0.0,0.099487760738418,0.0,0.0,0.0,0.0,0.0,0.0,0.0391958011668972,0.0340156052633081,0.0,0.005423558045844924,-6.8191665703241955e-19,-1.065956848993969e-17,9.0,2.0,0.9636363636363636
https://docs.python.org/3.1/,docs.python.org,fed758b7a842befd,Overview,1807.0,243.0,27.0,35.11481481481485,0.0041152263374485,38.0,0.0,0.0,1.0,1.0,0.0,6.0,32.0,11.0,2.0,0.0,0,0.0,0.0,0.0,0.0321442100497386,0.0,0.0,0.0,0.0,0.0,0.0,0.0,0.0,0.0,0.0,0.0,0.0,0.0,0.3663271746409344,0.0,0.0,0.0475557737541225,0.0402716888888436,0.0,0.0,0.0,0.0,0.0374237948507699,0.0,0.1009417870458277,0.2788142386473045,0.1195405343779137,0.0,0.0,0.0616205058951404,0.8560039275742056,0.0,0.0974012669781303,0.0,0.0,0.0,0.0940143635193055,0.0,0.0,0.0,0.0,0.0,0.0,0.0370394134111023,0.0321442100497386,0.0,0.005423558045844924,-3.030740697921865e-19,-1.4656906673667074e-17,9.0,1.0,0.9777777777777777
https://docs.python.org/deprecations/index.html,docs.python.org,9d18ac22e1347bc8,Deprecations,22537.0,2505.0,460.0,47.60921992970583,0.0035928143712574,42.0,1.0,200.0,1.0,1.0,7.0,9.0,329.0,34.0,3.0,1.0,0,0.0566734626824453,0.0157679944811313,0.0,0.0260366047814318,0.0101647549429175,0.0,0.0,0.0,0.0182302461347444,0.0,0.0,0.0,0.0,0.1874835518134518,0.0,0.4373259560312045,0.0,0.0235494183424219,0.0,0.0306877603617656,0.044022711911471,0.0279598377576855,0.2903124954520555,0.0404014636386959,0.5121255060029803,0.0,0.0129913006031677,0.0114020524167954,0.0292007866510787,0.0161312680036595,0.0046108128162233,0.0298522126538359,0.0,0.0213909497579069,0.4732441530483138,0.0,0.0037568763803529,0.0142606331719379,0.0579000751999909,0.0175204719906472,0.0163180786764821,0.0,0.0,0.0,0.0323236684937613,0.0868501127999863,0.0530735953305199,0.4157376797624703,0.0148780598751038,0.0356515829298449,0.004046671505640604,4.2619791064526223e-19,-1.6655575765530767e-18,4.0,8.0,0.9722222222222222
https://docs.python.org/about.html,docs.python.org,545baa3c17c3dce3,About this documentation,2293.0,329.0,27.0,36.06703703703704,0.1094224924012158,54.0,1.0,200.0,1.0,1.0,1.0,6.0,24.0,11.0,3.0,1.0,0,0.1298342700338304,0.0,0.0,0.0,0.0,0.0,0.0,0.0,0.025058402159444,0.0,0.0,0.0,0.0,0.0859018981403769,0.0,0.0,0.0,0.6150276321334903,0.0,0.0,0.0,0.0,0.0,0.0,0.0,0.0,0.0297620076622705,0.0391817549789663,0.0,0.0739108325782243,0.0316889857045429,0.0,0.0,0.0,0.7563932564825299,0.0,0.0258200900049231,0.0,0.0,0.0,0.1121501528071583,0.0,0.0,0.0,0.0,0.0,0.0,0.0,0.0511266283717496,0.0,0.009174118256771993,4.2619791064526223e-19,-1.1658903035871536e-18,5.0,8.0,0.9722222222222222
https://docs.python.org/3.10/,docs.python.org,c4268bf124e2389c,3.10.20 Documentation,2804.0,366.0,63.0,40.52193989071037,0.0245901639344262,21.0,0.0,0.0,1.0,1.0,0.0,8.0,66.0,18.0,3.0,1.0,1,0.0414962738070776,0.0,0.0,0.0122554193657461,0.0,0.0,0.0,0.0,0.0120133573004863,0.0,0.0,0.0,0.0,0.0,0.0,0.0,0.0,0.139667241576219,0.0,0.0,0.0,0.0153541317436621,0.0,0.0,0.0,0.0,0.0142683332221929,0.0,0.0192427178932107,0.1063017387727567,0.0303843082520888,0.0,0.0,0.0469873199624961,0.9790895867325538,0.0,0.0371355641256983,0.0,0.0,0.0,0.0537663913446597,0.0,0.0,0.0,0.0,0.0,0.0,0.0141217825453449,0.0122554193657461,0.0,0.0036429419513041373,-6.6108031473420674e-18,-1.1992014551182151e-17,7.0,19.0,0.6238095238095238
https://docs.python.org/3.15/reference/index.html,docs.python.org,622deff0dc31499f,The Python Language Reference,3656.0,439.0,180.0,32.461577891673016,0.1594533029612756,61.0,1.0,200.0,1.0,1.0,0.0,4.0,107.0,7.0,3.0,1.0,0,0.1208579206469116,0.0,0.0,0.0356939157497882,0.0,0.0,0.0,0.0,0.0349889098494799,0.0,0.0,0.0997466819445873,0.0,0.0,0.0567339366183863,0.0,0.0,0.1807915196098903,0.0,0.0,0.0528073883031833,0.0447189172817066,0.0,0.1938540981006338,0.0,0.0,0.0415565284812964,0.0,0.0560444266148038,0.1548019367829999,0.0,0.0716183677411999,0.0694539618553742,0.0,0.8449182128509343,0.0,0.216314702527168,0.0,0.0694539618553742,0.0,0.1565946448303839,0.0,0.0,0.0,0.0,0.2083618855661227,0.1455185463825868,0.0,0.0356939157497882,0.0,0.0028658202793116743,-1.1365277617206993e-18,-2.6648921224849225e-18,3.0,6.0,1.0
https://docs.python.org/3.0/,docs.python.org,fed758b7a842befd,Overview,1617.0,212.0,20.0,28.871283018867956,0.0047169811320754,38.0,0.0,0.0,1.0,1.0,0.0,5.0,27.0,12.0,2.0,0.0,1,0.1228877301942036,0.0,0.0,0.036293395292224,0.0,0.0,0.0,0.0,0.0,0.0,0.0,0.0,0.0,0.0,0.0,0.0,0.0,0.4136128072506516,0.0,0.0,0.0536942887261892,0.0454699717823723,0.0,0.0,0.0,0.0,0.0422544706419106,0.0,0.1139713862337553,0.3148036725951328,0.1349708660100232,0.0,0.0,0.0695745011340645,0.8054143308928388,0.0,0.1099738546671633,0.0,0.0,0.0,0.0530748842960093,0.0,0.0,0.0,0.0,0.0,0.0,0.0418204731191448,0.072586790584448,0.0,0.003805926876214105,0.0,-1.4656906673667074e-17,8.0,0.0,0.9642857142857143
https://docs.python.org/3.14/archives/,docs.python.org,59a56a9ba1fc9541,Index of /3.14/archives/,651.0,50.0,26.0,86.44307692307696,0.12,24.0,0.0,0.0,1.0,1.0,0.0,0.0,10.0,0.0,0.0,0.0,1,0.871844709872335,0.0,0.0,0.0,0.0,0.0,0.0,0.0,0.0,0.0,0.0,0.0,0.0,0.0,0.0,0.0,0.0,0.0,0.0,0.0,0.0,0.0,0.0,0.0,0.0,0.0,0.0,0.0,0.0,0.0,0.0,0.0,0.0,0.0,0.4897824025703904,0.0,0.0,0.0,0.0,0.0,0.0,0.0,0.0,0.0,0.0,0.0,0.0,0.0,0.0,0.0,0.0022663371479215754,-2.2730555234413987e-19,7.495009094488844e-19,1.0,1.0,0.0
https://docs.python.org/3.15/py-modindex.html,docs.python.org,08f29d2853f06578,Python Module Index,17351.0,2357.0,440.0,34.74623853993907,0.023759015697921,51.0,0.0,0.0,1.0,1.0,0.0,2.0,325.0,5.0,29.0,1.0,1,0.0,0.0,0.0,0.0456835552738304,0.0,0.0,0.0283464203460639,0.0,0.0895624794031892,0.0148874825581019,0.0,0.0127662739216942,0.0,0.0,0.1016568517336961,0.5269947788347916,0.0,0.0578473894335005,0.0631207076372509,0.0150764388204963,0.0135173134790033,0.1945968912106591,0.0,0.0827026513212914,0.0,0.0,0.1170112563210488,0.0420124367981131,0.1578050190343148,0.0924589318352741,0.0113261177285457,0.146659466975227,0.1955624213612853,0.0350301815811451,0.5677271661181396,0.0,0.0092284865752418,0.0,0.0,0.1004213757491094,0.0400841429830356,0.0,0.0,0.0120795077236399,0.412883538050287,0.053335205825805,0.1676202785727769,0.0210562597401905,0.0456835552738304,0.0,0.0063393180713162385,-7.008587863944312e-19,-7.994676367454767e-18,8.0,3.0,0.7555555555555555
https://docs.python.org/extending/index.html,docs.python.org,5fa11e6b06ec8d3b,Extending and Embedding the Python Interpreter,4901.0,686.0,108.0,40.80711235287768,0.1836734693877551,76.0,1.0,200.0,1.0,1.0,3.0,6.0,68.0,8.0,3.0,1.0,0,0.1020327315343996,0.0,0.0,0.0602682505807729,0.0,0.0,0.0,0.0,0.0196926221370472,0.0,0.0,0.0,0.0,0.0,0.0638625199229905,0.0,0.0,0.1017539299331169,0.0,0.0994483230620922,0.0297213016459377,0.1258445524874801,0.0,0.0,0.0368804458331474,0.0,0.0233890400195413,0.0307917276830978,0.0946295601343984,0.2032948194333065,0.0747101771392074,0.1612343408316283,0.0,0.0385114466385059,0.8916390493781329,0.0,0.0811648360938878,0.0,0.0,0.0,0.0881353315263606,0.0,0.0,0.0,0.069833153653111,0.0,0.2047535747878732,0.023148810162815,0.0401788337205152,0.0,0.004866553497323105,3.1491290064344374e-19,-5.413062123797499e-19,6.0,11.0,0.9696969696969697
https://docs.python.org/tutorial/index.html,docs.python.org,19292d6582023643,The Python Tutorial,7125.0,906.0,350.0,41.73077880794705,0.0916114790286975,49.0,1.0,200.0,1.0,1.0,0.0,4.0,164.0,8.0,3.0,1.0,0,0.1676333901485792,0.0,0.0,0.0165028271014073,0.0,0.0,0.0,0.0,0.0323537453139263,0.0,0.0,0.0,0.0,0.0,0.1573831831775395,0.0,0.0,0.1253815024290412,0.0,0.0272312281375922,0.0976604758024605,0.0620264163704021,0.0,0.0,0.0302961318011818,0.0,0.1152801854415111,0.0,0.0259117405023601,0.2624290908251677,0.0613720719033375,0.0331122409881589,0.1926692602809396,0.0,0.8789442822221448,0.0,0.0333371860937709,0.0,0.0,0.0,0.0724004159912728,0.0,0.0,0.0,0.0,0.0,0.0672794609544681,0.0,0.0825141355070365,0.0,0.004339558581045216,2.853158235153006e-19,-1.8321133342083842e-18,5.0,11.0,0.9358974358974359
https://docs.python.org/whatsnew/3.14.html,docs.python.org,f9902a00b3be0475,What’s new in Python 3.14,129348.0,17085.0,1914.0,48.589592744832,0.0574773192859233,55.0,1.0,200.0,1.0,1.0,13.0,125.0,1060.0,421.0,3.0,1.0,0,0.0448059353488756,0.0059497521836371,0.1330922275713216,0.0276687650154318,0.0106845417904473,0.0,0.0214604149918577,0.0632016669692996,0.0312495688721842,0.0107809244703481,0.0,0.0008404390270356,0.0,0.5922228586483664,0.0066923509621231,0.1347709814012337,0.0,0.0053315544994847,0.0008310820594614,0.0297757066420036,0.0498333938355321,0.0286360179348284,0.6975039327818943,0.0359339881909243,0.1225698780408785,0.0,0.018207501638266,0.0184386306829917,0.0453326823092139,0.0252168527400719,0.0775454755173512,0.0349993650663256,0.032771234724822,0.1106944071124569,0.2260300363254493,0.0,0.0072904407277002,0.0138368008890571,0.0292600310043053,0.0075554470515356,0.0035184662687388,0.0,0.0,0.0007952273138267,0.0689985887043767,0.0514976545675774,0.040461319454989,0.1088160453685895,0.0192478365324743,0.0196021345928309,0.003927448644520003,3.527971593674671e-19,-1.3324460612424612e-18,4.0,11.0,0.9242424242424242
https://docs.python.org/bugs.html,docs.python.org,9de9ef371926c00b,Dealing with Bugs,4987.0,805.0,54.0,51.824975270301366,0.0335403726708074,47.0,1.0,200.0,1.0,1.0,3.0,6.0,21.0,18.0,3.0,1.0,0,0.1186272507041356,0.0,0.0,0.0,0.0,0.0,0.0,0.0,0.02289541393377,0.0,0.0,0.0,0.0,0.0,0.0,0.0,0.0,0.5323639726832954,0.0,0.0,0.0,0.0,0.0,0.0,0.0,0.0,0.0,0.0715993376742017,0.0,0.1012965089693631,0.0868609786326769,0.0,0.0,0.0,0.7947684406507918,0.0,0.0,0.0447749165063247,0.0,0.0,0.1366261187188385,0.0,0.0,0.0,0.0,0.0,0.0,0.0,0.1634972011608595,0.0,0.04222054009991875,6.58238995329905e-19,-9.327122428697229e-18,37.0,7.0,0.3228228228228228
https://docs.python.org/,docs.python.org,e83ee9fb02b43c8e,3.14.4 Documentation,2842.0,369.0,64.0,38.89020769817074,0.02710027100271,20.0,1.0,34.0,1.0,1.0,0.0,8.0,68.0,18.0,3.0,1.0,1,0.1602604892147708,0.0,0.0,0.0236654923791213,0.0,0.0,0.0,0.0,0.011599032524213,0.0,0.0,0.0,0.0,0.0,0.0,0.0262499586044354,0.0,0.1498336705171878,0.0,0.0,0.0,0.0148245880831814,0.0,0.0,0.0,0.0,0.0275524746281918,0.0,0.0185790620485892,0.1197414547540047,0.0293363937179681,0.0,0.0,0.0453667895525372,0.9628280486454276,0.0,0.0358548077215299,0.0,0.0,0.0,0.0519120597446169,0.0,0.0,0.0,0.0,0.0,0.0,0.0272694819518419,0.0118327461895606,0.0,0.0019272449700142229,-6.8179826872390705e-18,0.0,0.0,39.0,0.3117408906882591
https://docs.python.org/3.15/download.html,docs.python.org,817248fb77fb5c2c,Download,1335.0,186.0,26.0,44.928684863523586,0.064516129032258,40.0,1.0,30.0,1.0,1.0,1.0,2.0,18.0,6.0,3.0,1.0,0,0.0,0.0,0.0,0.0,0.0,0.0,0.0878379294256496,0.0,0.0555060049837716,0.0,0.0,0.0,0.0,0.0,0.0,0.0,0.0,0.5736111831811964,0.0,0.0,0.0,0.0,0.0,0.0,0.0,0.0,0.0,0.0,0.0,0.1637173438010081,0.0,0.0,0.0,0.0,0.7539573121458714,0.0,0.0,0.0,0.0,0.0,0.2484199471712438,0.0,0.0,0.0,0.0,0.0,0.0,0.0,0.0566244182519883,0.0,0.0020434120818289573,-9.28164338738571e-19,-1.3324460612424612e-18,1.0,4.0,1.0
https://docs.python.org/c-api/index.html,docs.python.org,ec99e995a6dd5c65,Python/C API reference manual,4365.0,579.0,21.0,-5.107512953367831,0.0949913644214162,59.0,1.0,200.0,1.0,1.0,0.0,4.0,153.0,7.0,3.0,1.0,1,0.0978648775735372,0.0,0.0,0.4046448049731043,0.2106324443863783,0.0,0.0298904883717515,0.0,0.0377764277318069,0.0,0.0,0.0,0.0,0.0,0.0306269253004068,0.0,0.0,0.0975974645172903,0.0,0.0,0.0570144796314745,0.0724224170260402,0.0,0.0,0.0,0.0,0.0,0.0,0.060509408292301,0.1671347922179879,0.0,0.2319723110737866,0.4499235755565359,0.0,0.6271592759462199,0.0,0.1362364468662831,0.0,0.0,0.0,0.0845351614135942,0.0,0.0,0.0764249695182576,0.2009417839763982,0.037493631296378,0.0785559034949626,0.0,0.0192688002368144,0.0,0.004674918982312963,3.4450997777158696e-19,-1.1658903035871536e-18,6.0,7.0,0.9818181818181818
https://docs.python.org/3.5/,docs.python.org,280806dbcc38a494,3.5.10 Documentation,1762.0,241.0,26.0,35.24747765719758,0.0373443983402489,20.0,0.0,0.0,1.0,1.0,0.0,5.0,31.0,10.0,2.0,0.0,0,0.0,0.0,0.0,0.032372352912676,0.0,0.0,0.0,0.0,0.0,0.0,0.0,0.0,0.0,0.0,0.0,0.0,0.0,0.3689271741514223,0.0,0.0,0.0,0.0405575163639692,0.0,0.0,0.0,0.0,0.0376894094571336,0.0,0.0508291096410112,0.2807931169129167,0.0802593138912362,0.0,0.0,0.0620578561553836,0.8620793976641606,0.0,0.0980925704467093,0.0620578561553836,0.0,0.0,0.0946816285109585,0.0,0.0,0.0,0.0,0.0,0.0,0.0373022998781847,0.032372352912676,0.0,0.003805926876214105,0.0,-1.4656906673667074e-17,8.0,0.0,0.9642857142857143
https://docs.python.org/reference/index.html,docs.python.org,622deff0dc31499f,The Python Language Reference,3650.0,439.0,180.0,32.461577891673016,0.1594533029612756,59.0,1.0,200.0,1.0,1.0,0.0,4.0,107.0,7.0,3.0,1.0,0,0.2911862253781848,0.0,0.0,0.0343993229091298,0.0,0.0,0.0,0.0,0.0337198870694885,0.0,0.0,0.0961289410043641,0.0,0.0,0.0546762372422968,0.0,0.0,0.1742343402693161,0.0,0.0,0.0508921020311365,0.043096994078864,0.0,0.1868231483641973,0.0,0.0,0.0400493028624647,0.0,0.0540117352742703,0.149187381056356,0.0,0.0690208206749904,0.0669349162453711,0.0,0.8142736324981845,0.0,0.2084691227038763,0.0,0.0669349162453711,0.0,0.150915068862761,0.0,0.0,0.0,0.0,0.2008047487361133,0.1402406925979114,0.0,0.0343993229091298,0.0,0.00520442602001595,2.4506379862102577e-19,-4.163893941382692e-19,7.0,10.0,0.9358974358974359
https://docs.python.org/license.html,docs.python.org,bc7b1603d796674d,History and License,54770.0,8039.0,463.0,36.81805033614481,0.0483891031222788,49.0,1.0,200.0,1.0,1.0,3.0,33.0,35.0,18.0,3.0,1.0,0,0.0188453737484305,0.0,0.0146610574568996,0.0,0.0,0.0,0.0230234764035954,0.0216599104546518,0.080018696068637,0.0,0.0,0.0,0.0,0.0,0.082567537579028,0.0,0.0,0.2067326721764933,0.0,0.0244907137618276,0.0,0.0232434003301281,0.0,0.0067172592446048,0.0,0.0,0.0129598177219233,0.0,0.0640860483925262,0.0268202929710193,0.0,0.0446698040181759,0.0,0.0,0.4226917702055259,0.0,0.0,0.0142260742132674,0.0,0.0058260043993205,0.7976481533507698,0.0,0.0,0.0147167926838895,0.0193472015425867,0.0,0.0075635682494764,0.3334943784956474,0.0853415267708925,0.0,0.041472022031074945,6.724455923514138e-19,-8.660899398075998e-18,37.0,6.0,0.3228228228228228
https://docs.python.org/howto/index.html,docs.python.org,40c031b9996f1a9b,Python HOWTOs,2103.0,288.0,20.0,23.60650000000001,0.0833333333333333,43.0,1.0,200.0,1.0,1.0,0.0,4.0,46.0,7.0,3.0,1.0,0,0.1598809677197706,0.0,0.0,0.062958530272435,0.0,0.0,0.0,0.0,0.0308575046150695,0.0,0.0,0.0,0.0,0.0,0.0,0.0,0.0,0.2391661461328953,0.0,0.0,0.0,0.0,0.0,0.0,0.0,0.0,0.0366496348389925,0.0,0.0494268372565753,0.273046602437893,0.0,0.0,0.0,0.0,0.8848683903105338,0.0,0.0317954649070929,0.0,0.0,0.0,0.1381043306675231,0.0,0.0,0.0,0.1641383899619303,0.0,0.0,0.0,0.062958530272435,0.0,0.003521052783969153,3.5990045787822144e-19,-1.6655575765530767e-18,3.0,6.0,0.9642857142857143
https://docs.python.org/3.12/,docs.python.org,2326a4a131eab547,3.12.13 Documentation,2853.0,369.0,64.0,38.89020769817074,0.02710027100271,21.0,1.0,34.0,1.0,1.0,0.0,8.0,68.0,18.0,3.0,1.0,1,0.0405563596298509,0.0,0.0,0.0239556543087522,0.0,0.0,0.0,0.0,0.0117412479324184,0.0,0.0,0.0,0.0,0.0,0.0,0.0265718086010201,0.0,0.1516707768940365,0.0,0.0,0.0,0.0150063519364446,0.0,0.0,0.0,0.0,0.0278902947367342,0.0,0.0188068594004629,0.121209601328419,0.0296960864077821,0.0,0.0,0.0459230304701923,0.9746332559921465,0.0,0.0362944225002279,0.0,0.0,0.0,0.0525485520341204,0.0,0.0,0.0,0.0,0.0,0.0,0.0276038322952205,0.0119778271543761,0.0,0.0036429419513041373,-6.724455923514137e-18,-7.994676367454767e-18,7.0,19.0,0.6238095238095238
https://docs.python.org/genindex.html,docs.python.org,e540cdd1328b2b21,Index,867.0,128.0,17.0,54.44733455882354,0.0625,35.0,0.0,0.0,1.0,1.0,0.0,2.0,36.0,5.0,3.0,1.0,0,0.4017586353267881,0.0,0.0,0.0,0.0,0.0,0.0,0.0,0.0775406173764819,0.0,0.0,0.0,0.0,0.0,0.0,0.0,0.0,0.400660841029078,0.0,0.0,0.0,0.0,0.0,0.0,0.0,0.0,0.0,0.0,0.0,0.2287093786929812,0.0,0.0,0.0,0.0,0.7021740617842043,0.0,0.0,0.0,0.0,0.0,0.3470369751511235,0.0,0.0,0.0,0.0,0.0,0.0,0.0,0.0791030150904757,0.0,0.03301183409515554,2.083634229821282e-19,5.329784244969845e-18,22.0,5.0,0.6060606060606061
https://docs.python.org/3.8/,docs.python.org,14e115cc17cac075,3.8.20 Documentation,2159.0,299.0,28.0,34.43571488294316,0.0334448160535117,20.0,0.0,0.0,1.0,1.0,0.0,8.0,34.0,18.0,3.0,1.0,1,0.0,0.0,0.0,0.0291889415687976,0.0,0.0,0.0,0.0,0.0286124182146773,0.0,0.0,0.0,0.0,0.0,0.0,0.0,0.0,0.3696087268079112,0.0,0.0,0.0,0.0365691977508344,0.0,0.0,0.0,0.0,0.033983132871877,0.0,0.0458307097821282,0.2531806663729521,0.072366825786264,0.0,0.0,0.1119105022789402,0.8636719951867847,0.0,0.0884464071804004,0.0559552511394701,0.0,0.0,0.1280563323447588,0.0,0.0,0.0,0.0,0.0,0.0,0.033634090622426,0.0291889415687976,0.0,0.003805926876214105,0.0,-1.4656906673667074e-17,8.0,0.0,0.9642857142857143
https://docs.python.org/index.html,docs.python.org,e83ee9fb02b43c8e,3.14.4 Documentation,2842.0,369.0,64.0,38.89020769817074,0.02710027100271,20.0,1.0,34.0,1.0,1.0,0.0,8.0,68.0,18.0,3.0,1.0,1,0.1602604892147708,0.0,0.0,0.0236654923791213,0.0,0.0,0.0,0.0,0.011599032524213,0.0,0.0,0.0,0.0,0.0,0.0,0.0262499586044354,0.0,0.1498336705171878,0.0,0.0,0.0,0.0148245880831814,0.0,0.0,0.0,0.0,0.0275524746281918,0.0,0.0185790620485892,0.1197414547540047,0.0293363937179681,0.0,0.0,0.0453667895525372,0.9628280486454276,0.0,0.0358548077215299,0.0,0.0,0.0,0.0519120597446169,0.0,0.0,0.0,0.0,0.0,0.0,0.0272694819518419,0.0118327461895606,0.0,0.03775958391710925,-6.8179826872390705e-18,7.994676367454767e-18,21.0,39.0,0.3117408906882591
https://docs.python.org/3.15/genindex.html,docs.python.org,e540cdd1328b2b21,Index,873.0,128.0,17.0,54.44733455882354,0.0625,37.0,0.0,0.0,1.0,1.0,0.0,2.0,36.0,5.0,3.0,1.0,1,0.0,0.0,0.0,0.0,0.0,0.0,0.0,0.0,0.0846748459470347,0.0,0.0,0.0,0.0,0.0,0.0,0.0,0.0,0.4375241794429698,0.0,0.0,0.0,0.0,0.0,0.0,0.0,0.0,0.0,0.0,0.0,0.2497520920351079,0.0,0.0,0.0,0.0,0.7667785287406581,0.0,0.0,0.0,0.0,0.0,0.37896657781524,0.0,0.0,0.0,0.0,0.0,0.0,0.0,0.0863809941596301,0.0,0.0063393180713162385,-7.387430451184546e-19,-6.662230306212307e-18,8.0,3.0,0.7555555555555555
https://docs.python.org/3.4/,docs.python.org,fed758b7a842befd,Overview,1909.0,259.0,30.0,38.67139446589448,0.0038610038610038,38.0,0.0,0.0,1.0,1.0,0.0,6.0,32.0,9.0,2.0,0.0,0,0.0,0.0,0.0,0.0286311150933969,0.0,0.0,0.0,0.0,0.0,0.0,0.0,0.0,0.0,0.0,0.0,0.0,0.0,0.3262906595854816,0.0,0.0,0.0423583229951204,0.0358703280559022,0.0,0.0,0.0,0.0,0.033333685162774,0.0,0.0899096888108391,0.2483421600355583,0.0709838317757019,0.0,0.0,0.0548858968276761,0.8895247828975283,0.0,0.0867561181555992,0.0548858968276761,0.0,0.0,0.0837393750908361,0.0,0.0,0.0,0.0,0.0,0.0,0.0329913134192514,0.0286311150933969,0.0,0.006111109288489422,-1.0607592442726526e-18,-1.3324460612424614e-17,9.0,3.0,0.9090909090909091
https://docs.python.org/3.2/,docs.python.org,fed758b7a842befd,Overview,1685.0,225.0,27.0,35.56866666666667,0.0044444444444444,38.0,0.0,0.0,1.0,1.0,0.0,6.0,30.0,9.0,2.0,0.0,1,0.0,0.0,0.0,0.0341738850473789,0.0,0.0,0.0,0.0,0.0,0.0,0.0,0.0,0.0,0.0,0.0,0.0,0.0,0.3461849718029893,0.0,0.0,0.0505585778309011,0.0428145555489343,0.0,0.0,0.0,0.0,0.039786837545174,0.0,0.107315532770704,0.2964193466369829,0.0847257712251933,0.0,0.0,0.0655113963529798,0.8594958231253187,0.0,0.1035514543996938,0.0,0.0,0.0,0.0999506924183183,0.0,0.0,0.0,0.0,0.0,0.0,0.0393781851902641,0.0341738850473789,0.0,0.003805926876214105,-6.06148139584373e-19,-1.4656906673667074e-17,8.0,2.0,0.9777777777777777
https://docs.python.org/library/index.html,docs.python.org,a83edcb1896df871,The Python Standard Library,14417.0,1891.0,101.0,17.15502442523473,0.0650449497620306,57.0,1.0,200.0,1.0,1.0,0.0,4.0,332.0,8.0,3.0,1.0,0,0.0485561834819409,0.0,0.0,0.0382412740085467,0.0130633020119878,0.0,0.0,0.0,0.046857442672924,0.0155777143544683,0.0,0.0667907981577533,0.0,0.0,0.1671528443472975,0.0,0.0,0.0605293813262173,0.0660471876012303,0.0,0.0282880396190455,0.1317534912136931,0.0,0.0519222080810091,0.0,0.0,0.166958558529684,0.0293068460801206,0.0450331008060103,0.2625952723949032,0.0,0.1150943053166846,0.1860266610217934,0.0,0.7213450102856609,0.0,0.0289690470968704,0.0,0.0,0.0450331008060103,0.0559234311640848,0.0,0.0,0.0126395527334507,0.3987933719986514,0.111615996613076,0.2923194938468756,0.0110162479897474,0.0286809555064101,0.0183271469950192,0.0055040493168800764,3.480616270269642e-19,-4.99667272965923e-19,8.0,7.0,0.9358974358974359
https://docs.python.org/copyright.html,docs.python.org,521307ddb67a4abc,Copyright,1368.0,177.0,27.0,38.628568738229774,0.0508474576271186,39.0,1.0,200.0,1.0,1.0,0.0,4.0,21.0,7.0,3.0,1.0,1,0.3208988908106141,0.0,0.0,0.0,0.0,0.0,0.0,0.0,0.0619344450148379,0.0,0.0,0.0,0.0,0.0,0.0,0.0,0.0,0.4000275543950024,0.0,0.0,0.0,0.0,0.0,0.0,0.0,0.0,0.0,0.0,0.0,0.1826783035562267,0.0,0.0,0.0,0.0,0.7478018152175877,0.0,0.0,0.0,0.0,0.0,0.369587676460465,0.0,0.0,0.0,0.0,0.0,0.0,0.0,0.0631823875587931,0.0,0.03301183409515554,2.083634229821282e-19,5.329784244969845e-18,22.0,5.0,0.6060606060606061
https://docs.python.org/download.html,docs.python.org,817248fb77fb5c2c,Download,1329.0,186.0,26.0,44.928684863523586,0.064516129032258,38.0,1.0,30.0,1.0,1.0,1.0,2.0,18.0,6.0,3.0,1.0,0,0.3580352486911209,0.0,0.0,0.0,0.0,0.0,0.0820149835902894,0.0,0.0518264048079578,0.0,0.0,0.0,0.0,0.0,0.0,0.0,0.0,0.5355853909971008,0.0,0.0,0.0,0.0,0.0,0.0,0.0,0.0,0.0,0.0,0.0,0.1528642051683488,0.0,0.0,0.0,0.0,0.7039760270733979,0.0,0.0,0.0,0.0,0.0,0.2319517095174223,0.0,0.0,0.0,0.0,0.0,0.0,0.0,0.052870676302513,0.0,0.0027923405852625064,3.812103534104846e-19,-3.3311151531061535e-18,2.0,7.0,0.7142857142857143
https://docs.python.org/3.15/whatsnew/index.html,docs.python.org,0e4a13ba086ea09b,What’s New in Python,14474.0,1857.0,389.0,38.02870971091113,0.2180936995153473,52.0,1.0,200.0,1.0,1.0,0.0,4.0,544.0,9.0,3.0,1.0,1,0.0524608506528135,0.0,0.0,0.0509077849272888,0.0030243842731984,0.0,0.0721031097550115,0.4651392091153686,0.0086786579731367,0.0,0.0,0.0,0.0,0.0,0.003518074966459,0.0932938550944921,0.0,0.022421786930312,0.0,0.0,0.0130983578370836,0.0138651143207414,0.0,0.0120209047762836,0.0,0.0,0.0051538458727579,0.0,0.0278025472632821,0.1471889263391427,0.2249890582510582,0.0133231784205497,0.004306844528846,0.3988473587141977,0.7138605021210573,0.0,0.0,0.1400208812507289,0.0,0.0034753184079102,0.0129472583241774,0.0,0.0,0.0,0.0153879471083917,0.034454756230768,0.0090236141840045,0.0,0.0066401458600811,0.0,0.0024619524558046686,-1.0134039208676236e-18,-3.997338183727384e-18,2.0,5.0,1.0
https://docs.python.org/py-modindex.html,docs.python.org,08f29d2853f06578,Python Module Index,17074.0,2328.0,433.0,35.630229518344805,0.0227663230240549,49.0,0.0,0.0,1.0,1.0,0.0,2.0,322.0,5.0,27.0,1.0,0,0.048568033059398,0.0,0.0,0.0478132579389031,0.0,0.0,0.0296678903278642,0.0,0.0937377553844952,0.01558151591628,0.0,0.0133614195365903,0.0,0.0,0.1063959502290396,0.5091346424031443,0.0,0.0605441528247376,0.0660633056568348,0.0157792810520905,0.0141474714946897,0.1916882096524945,0.0,0.0865581318300167,0.0,0.0,0.1224661554184751,0.0439709971176597,0.1651616655909314,0.0967692363279754,0.0118541253007853,0.1534965236754573,0.2046792645549625,0.0366632390484146,0.5517513882928988,0.0,0.0096587055530791,0.0,0.0,0.1051028781033199,0.041952808975129,0.0,0.0,0.0126426372707515,0.4321315840064224,0.0558216176058988,0.1754344986319842,0.0330568091346535,0.0478132579389031,0.0,0.03301183409515554,1.8942129362011655e-20,1.1992014551182151e-17,22.0,5.0,0.6060606060606061
https://docs.python.org/3.15/tutorial/index.html,docs.python.org,19292d6582023643,The Python Tutorial,7181.0,912.0,353.0,41.78438758014016,0.0910087719298245,51.0,1.0,200.0,1.0,1.0,0.0,4.0,165.0,8.0,3.0,1.0,0,0.084714154600067,0.0,0.0,0.0166795295992961,0.0,0.0,0.0,0.0,0.0327001700554509,0.0,0.0,0.0,0.0,0.0,0.159068349084101,0.0,0.0,0.126724013292915,0.0,0.0275228039992871,0.0987061663325296,0.0626905584983173,0.0,0.0,0.0306205248359475,0.0,0.1165145373861466,0.0,0.0261891880719965,0.2652390260915655,0.0620292076982711,0.0334667872521022,0.1947322486009916,0.0,0.888355496992767,0.0,0.0336941409366688,0.0,0.0,0.0,0.0731756367625526,0.0,0.0,0.0,0.0,0.0,0.0679998495723829,0.0,0.0833976479964809,0.0,0.0024494118038959622,-1.1175856323586877e-18,-3.3311151531061535e-18,2.0,6.0,1.0
https://docs.python.org/2.7/,docs.python.org,9ef6dc08c688cae7,Python 2.7.18 documentation,1728.0,236.0,26.0,34.51599087353327,0.1271186440677966,27.0,0.0,0.0,1.0,1.0,0.0,4.0,29.0,10.0,2.0,0.0,1,0.0,0.0405846745586473,0.0,0.0287205778840986,0.0,0.0,0.0,0.0,0.0,0.0,0.0,0.0,0.0,0.0,0.0,0.0,0.0,0.3273102102698059,0.0,0.0,0.0,0.0359824109992594,0.0,0.0,0.0,0.0,0.0334378419338012,0.0,0.045095313465844,0.2491181473700793,0.0712056328360045,0.0,0.0,0.0550573971511653,0.8923042544345889,0.0,0.0870272024083547,0.0550573971511653,0.0,0.0,0.0840010330165862,0.0,0.0,0.0,0.0,0.0,0.0,0.0330944003915113,0.0287205778840986,0.0,0.01568835088920831,0.0,-1.065956848993969e-17,13.0,0.0,0.8974358974358975
https://16.react.dev,16.react.dev,6b810c90aa9a9985,React,2753.0,432.0,33.0,48.826893939393955,0.0300925925925925,57.0,0.0,0.0,1.0,1.0,0.0,7.0,23.0,18.0,2.0,0.5,1,0.0512289732523129,0.0,0.0,0.0302597073560182,0.0,0.0512289732523129,0.0469399972879264,0.1177599328239658,0.2372962787659744,0.0,0.4207450734861989,0.1268411720306261,0.0,0.0,0.336675480460899,0.0,0.0,0.0383167436307235,0.0418096649824918,0.3495196868558176,0.0,0.0,0.0,0.0,0.0555512141459048,0.0,0.1056893056557008,0.0463800753978081,0.0,0.0,0.0375107635440462,0.0,0.0,0.0,0.0,0.5819806842540834,0.0305636570349998,0.0,0.0,0.047511961427484,0.0,0.0,0.0,0.3200472174559441,0.0,0.0,0.0,0.0348679220526573,0.1512985367800912,0.0580079109933487,0.0024531762219208485,0.0,0.0011811471863314373,1.0,0.0,0.0
https://react.dev/blog/2022/03/29/react-v18,react.dev,0a4bd6f799110fda,React v18.0,23896.0,3569.0,244.0,51.13867116770555,0.0330624824880919,19.0,0.0,0.0,1.0,1.0,7.0,13.0,44.0,219.0,1.0,1.0,0,0.0,0.0069450984227167,0.1941968739310544,0.0196593657415312,0.1074509105479503,0.0249621330573617,0.0381204353586674,0.0478170021988013,0.0385421302863065,0.0,0.1110496495201335,0.0686726456267434,0.0,0.0,0.0703073526578472,0.0,0.0,0.0,0.0882805087534737,0.0729895858498262,0.0072712655553453,0.0061575308560224,0.0,0.0088975215500082,0.0451136896100576,0.0478170021988013,0.0228883543651837,0.0903977214291162,0.0,0.0,0.2680731813392175,0.0098614263499801,0.0095634004397602,0.0,0.0,0.8580093355307566,0.0099284190851615,0.0376870379049989,0.0,0.2237926118924054,0.0,0.0,0.0,0.1429524282767447,0.0768805265908616,0.0,0.0100185222937057,0.090613068291166,0.0294890486122969,0.0282652784287491,0.003847758250011565,0.021913919970544152,0.0042303423405327615,4.0,20.0,0.9666666666666667
https://react.dev/community/translations,react.dev,31c20e73fa29248c,Translations,2853.0,314.0,12.0,5.687298301486209,0.0286624203821656,20.0,0.0,0.0,1.0,1.0,5.0,1.0,75.0,51.0,1.0,1.0,0,0.0,0.0666357604900534,0.0,0.0471561634984935,0.1288691805340635,0.0,0.0,0.0,0.0462247618070852,0.0,0.0,0.0,0.0,0.0,0.0,0.0,0.0,0.0,0.0651554020181065,0.0,0.0,0.0,0.0,0.0,0.0,0.0,0.0,0.0,0.0,0.0,0.0584560742053764,0.0,0.0,0.0,0.0,0.97671306109792,0.0952596660170732,0.0,0.0,0.0,0.0,0.0,0.0,0.0623444517160407,0.0,0.0,0.0,0.0,0.0,0.0,0.02400288588578799,0.019794239509236523,0.046044259782654064,44.0,16.0,0.6553911205073996
https://react.dev/learn/thinking-in-react,react.dev,f96520be0abbc31d,Thinking in React,22504.0,3112.0,196.0,48.07911861917003,0.0266709511568123,25.0,0.0,0.0,1.0,1.0,8.0,3.0,88.0,16.0,3.0,0.3333333333333333,0,0.0,0.008445011577464,0.1062616592273003,0.0179288572876575,0.0163320972640646,0.192236514968302,0.1019770342138899,0.0697726850086377,0.023432982275913,0.0097378421533667,0.3531625154768135,0.2087592040006243,0.2253841393329833,0.0,0.2659733429416426,0.0,0.1114238491518547,0.0,0.0165147998711402,0.0788915014454142,0.212198882354858,0.0149747105664086,0.0,0.021638187949873,0.0109713529706905,0.0697726850086377,0.0069578717909467,0.0641203851390299,0.0,0.0,0.0222251034492743,0.0119911705532482,0.0116287808347729,0.0,0.0,0.2740902230416916,0.0120726315189217,0.0,0.3023483017040971,0.0,0.0,0.0,0.0,0.5846856303115039,0.0103871328081415,0.1162878083477296,0.012182194061165,0.0275456287374362,0.0179288572876575,0.217674451428701,0.010109657741171568,0.022931557407302218,0.01266893481459485,12.0,21.0,0.9826839826839827
https://react.dev/blog/2025/12/03/critical-security-vulnerability-in-react-server-components,react.dev,d6ebed8451050334,Critical Security Vulnerability in React Server Components,7183.0,1057.0,144.0,58.1178252457164,0.1371807000946073,66.0,0.0,0.0,1.0,1.0,4.0,14.0,29.0,36.0,1.0,1.0,0,0.0785407411487238,0.0983341164386435,0.0,0.0077320172934816,0.0316952862116748,0.0916308646735111,0.0,0.0,0.0606343911231663,0.0,0.0,0.0648213893232666,0.0,0.0,0.0122897073589708,0.0,0.0,0.0,0.2991319568469063,0.0,0.0571956916195498,0.0096870134448609,0.0,0.0,0.0,0.0451353590284997,0.0,0.0,0.0,0.0,0.0095848207982283,0.0,0.0,0.0,0.0,0.8350570976454285,0.0156193661733917,0.0444668713099878,0.0,0.4127717530377985,0.0,0.0,0.0,0.0102223833123417,0.0,0.0,0.0,0.0267285509202353,0.0309280691739267,0.0,0.004024911438309297,0.021134188922219257,0.003953293932794992,4.0,18.0,0.9934640522875817
https://react.dev/blog/2026/02/24/the-react-foundation,react.dev,29c18d7a2b70b855,The React Foundation,2706.0,421.0,19.0,42.47395299412429,0.180522565320665,81.0,0.0,0.0,1.0,1.0,0.0,4.0,28.0,14.0,5.0,0.2,0,0.0,0.0304238383055343,0.0,0.021530053575387,0.0588377033938149,0.0,0.0333982296836911,0.0,0.0422096084321126,0.0,0.0,0.0300828777275129,0.0,0.0,0.0,0.0,0.0,0.0,0.0297479521679181,0.0,0.0,0.0,0.0,0.0,0.0,0.0,0.0,0.0329998402296741,0.0,0.0,0.0800677355456678,0.0,0.0,0.0,0.0,0.9874322314964006,0.0434926330040945,0.0412731496966935,0.0,0.0338051873063473,0.0314852080716012,0.0,0.0,0.0284645587340319,0.0374204873627783,0.0,0.0,0.0,0.0,0.0,0.003845852834192051,0.021021262874920447,0.002955972189600276,3.0,17.0,1.0
https://react.dev/learn/react-compiler,react.dev,28ed8b049489e201,React Compiler,3066.0,431.0,9.0,-8.027906676978574,0.0788863109048723,22.0,0.0,0.0,1.0,1.0,7.0,2.0,84.0,12.0,1.0,1.0,0,0.0,0.032366697873253,0.045251421678182,0.0458099160448626,0.0625950660853092,0.077555111030716,0.0710620664504979,0.0,0.0224525523333126,0.3732165338370029,0.1194304541633663,0.096011890884981,0.0,0.0,0.0364064409688401,0.0,0.0,0.0,0.0632952995935321,0.0,0.033886755962487,0.0,0.0,0.0,0.0,0.0,0.0,0.0,0.0,0.0,0.0,0.0,0.0445689425598628,0.0,0.0,0.8132821430996897,0.1156751572581596,0.0,0.0,0.0,0.0,0.0,0.0,0.3633875897134073,0.0,0.0,0.0,0.0263931267262135,0.0229049580224313,0.0,0.011022650472408808,0.024055154863229955,0.01597945242530772,15.0,24.0,0.9107692307692308
https://react.dev/learn,react.dev,1013bf244ff8fb70,Quick Start,14301.0,2122.0,120.0,56.88330639333961,0.004712535344015,19.0,0.0,0.0,1.0,1.0,12.0,3.0,80.0,27.0,9.0,1.0,0,0.0,0.0118355216312595,0.0992824505387601,0.0167512995733557,0.0228891208353699,0.2126966730928033,0.038977869843122,0.0,0.0738919684895497,0.0136473988686434,0.2911473451749662,0.1989489718713671,0.2043874704398409,0.0,0.1198146005385251,0.0,0.347018635341591,0.021211548534889,0.0231451750323708,0.1243855406507506,0.3717408258121952,0.0419735388648933,0.0,0.0606510101715897,0.0307522812059388,0.1629751313573236,0.0,0.0770258477469039,0.0,0.0,0.0415307411905065,0.016805395370424,0.0162975131357323,0.0,0.0,0.4336976301142277,0.0253793420253661,0.0,0.3585452889861119,0.0,0.0,0.0,0.0,0.3100529631617555,0.0145573672587483,0.0,0.0,0.1351163448650537,0.0418782489333893,0.0802806751600061,0.02429465747079487,0.021985553010307687,0.04594132485595253,44.0,21.0,0.6553911205073996
https://react.dev/community/docs-contributors,react.dev,64eaa6977ffda2a4,Docs Contributors,1815.0,247.0,6.0,0.3034649122807309,0.0364372469635627,25.0,0.0,0.0,1.0,1.0,4.0,1.0,36.0,40.0,1.0,1.0,1,0.0,0.0815016034241773,0.0,0.0576762823474276,0.1576187435731857,0.0,0.0,0.0,0.1130741865170269,0.0,0.0,0.0,0.0,0.0,0.0,0.0,0.0,0.0730333343372561,0.0796909902006027,0.095171329923044,0.0,0.0,0.0,0.0,0.0,0.0,0.0,0.1768047716037767,0.0,0.0,0.0,0.0,0.0,0.0,0.0,0.9386213731971944,0.1165112465881134,0.0,0.0,0.0,0.0,0.0,0.0,0.0762529419952665,0.0,0.0,0.0,0.0,0.0,0.0,0.02400288588578799,0.019794239509236523,0.046044259782654064,44.0,16.0,0.6553911205073996
https://react.dev/learn/escape-hatches,react.dev,c4e7d0b4a15bbd1b,Escape Hatches,19944.0,2706.0,203.0,49.96021064301553,0.0040650406504065,22.0,0.0,0.0,1.0,1.0,18.0,3.0,103.0,23.0,1.0,1.0,0,0.0,0.0078779027526008,0.0110139842128363,0.0111499191273529,0.0152353460752692,0.2737099893033733,0.008648087164902,0.0108478719901482,0.0546484613667331,0.0090839157295077,0.1453440674242304,0.1168442240303812,0.46996811273504,0.0,0.0443057865593753,0.0,0.0115490434124211,0.0,0.0847317879834301,0.1195897486197345,0.189701188849621,0.0,0.0,0.2018511624856628,0.0204691849086874,0.4230670076157835,0.0,0.0427246440061195,0.0,0.0,0.0069108728481836,0.022371852221121,0.0216957439802965,0.0,0.0,0.362906622147101,0.0112619167187228,0.0,0.2603489277635591,0.043767320786151,0.0,0.0,0.0,0.1768936766101145,0.0,0.0216957439802965,0.0,0.0385437809875569,0.0167248786910294,0.3847394542462437,0.02429465747079487,0.021985553010307687,0.04594132485595253,44.0,21.0,0.6553911205073996
https://15.react.dev,15.react.dev,6b810c90aa9a9985,React,2602.0,392.0,25.0,45.45959591836737,0.0331632653061224,57.0,0.0,0.0,1.0,0.0,0.0,7.0,21.0,13.0,2.0,0.5,0,0.0,0.0,0.0,0.0,0.0,0.0555056179670959,0.0508585941008008,0.127590647014633,0.096414751443435,0.0534216612441078,0.455869283099643,0.137429996938554,0.0,0.0,0.3647814783503871,0.0,0.0,0.0,0.0452999766444799,0.1622991135592156,0.0,0.0,0.0,0.0,0.0601886837513715,0.0637953235073165,0.114512352102784,0.0502519293845034,0.0,0.0,0.0406421987158585,0.0,0.0,0.0,0.0,0.6305650001091485,0.0,0.0,0.0,0.0514783063652806,0.0,0.0,0.0,0.3467650717114398,0.0,0.0,0.0,0.0377787302359003,0.1639290863811565,0.0628504680507285,0.0024531762219208485,0.0,0.0011811471863314373,1.0,0.0,0.0
https://react.dev/community/acknowledgements,react.dev,e13916b7a5f2a171,Acknowledgements,2253.0,347.0,9.0,20.44347422350307,0.0115273775216138,24.0,0.0,0.0,1.0,1.0,3.0,1.0,37.0,68.0,1.0,1.0,0,0.0,0.0604245586047482,0.0,0.0427606790098108,0.1168571243767635,0.0,0.0,0.0,0.0419160944252999,0.0,0.0,0.0,0.0,0.0,0.0,0.0,0.0,0.0541462597710389,0.0590821861820977,0.0,0.0,0.0,0.0,0.0,0.0,0.0,0.0,0.1310814736707662,0.0,0.0,0.0,0.0,0.0,0.0,0.0,0.9489347413188746,0.086380394394637,0.0,0.0,0.0,0.0,0.0,0.0,0.0565332480441805,0.0743205511731609,0.0,0.0,0.1970906070030123,0.0,0.0,0.02400288588578799,0.019794239509236523,0.04604425978265407,44.0,16.0,0.6553911205073996
https://react.dev/learn/installation,react.dev,e1e2b964389a4406,Installation,3576.0,582.0,23.0,48.5820147915733,0.0085910652920962,20.0,0.0,0.0,1.0,1.0,6.0,3.0,82.0,16.0,1.0,1.0,0,0.0,0.0188044817226307,0.1314513972359254,0.0133073774216049,0.0363666315525118,0.4280524661197908,0.1032145243062494,0.0,0.0130445376797949,0.0216832236535353,0.0693869915687755,0.0557812185343079,0.0,0.0,0.0211515013507241,0.0295213047634631,0.0,0.0337012756311076,0.0367734548947791,0.0219584334401628,0.0393752174306555,0.0,0.0,0.0,0.0,0.0517875421858527,0.0,0.0203966667919005,0.0,0.0,0.0329923803941827,0.0,0.0258937710929263,0.0,0.0,0.8465671747590944,0.0268820920681073,0.0,0.0517875421858527,0.0,0.0,0.0,0.0,0.211121793015638,0.0231289971895918,0.0,0.0,0.0306678840745318,0.0399221322648147,0.0,0.02429465747079487,0.021985553010307687,0.04594132485595253,44.0,21.0,0.6553911205073996
https://react.dev/blog/2025/12/11/denial-of-service-and-source-code-exposure-in-react-server-components,react.dev,c42a332e44ebe20f,Denial of Service and Source Code Exposure in React Server Components,8509.0,1203.0,123.0,44.16366522717598,0.1587697423108894,77.0,0.0,0.0,1.0,1.0,6.0,7.0,30.0,49.0,1.0,1.0,0,0.0,0.3725279151444316,0.0,0.0119830465756964,0.03274747727433,0.1420091132077108,0.0,0.0,0.2114345567286122,0.0,0.0,0.117203223194163,0.0531667749021044,0.0,0.0,0.0,0.0,0.0,0.1490121636717801,0.0197731620819293,0.1595549387779114,0.0300257821169191,0.0,0.0,0.0,0.0,0.0,0.0,0.0,0.0,0.059418053367108,0.0,0.0,0.0,0.0,0.6914047347042829,0.0242068253645006,0.0,0.0699505819658799,0.4891914201195994,0.0,0.0,0.0,0.0158426049369651,0.0,0.0,0.0,0.0414237912851109,0.0359491397270892,0.0,0.004037540427649452,0.021105549713873822,0.003944771887569867,4.0,18.0,0.9934640522875817
https://react.dev/learn/adding-interactivity,react.dev,aef79f16216a740a,Adding Interactivity,14541.0,1971.0,161.0,57.22922175898353,0.0040588533739218,28.0,0.0,0.0,1.0,1.0,16.0,3.0,102.0,23.0,4.0,1.0,0,0.0,0.010569973659689,0.0738886520143174,0.0074800587913372,0.0204416342482366,0.2532712740666557,0.0580167440563614,0.0145548535949737,0.0513262185038703,0.0121881105927631,0.1430085572910368,0.1254181889848988,0.1991266241859317,0.0,0.047556920831478,0.0,0.0309912646798273,0.0,0.0516757727422228,0.024685611280765,0.2434603191664923,0.0187426973659564,0.0,0.0947900143196537,0.0274640030620713,0.2619873647095274,0.0174172695639773,0.1031844485395973,0.0,0.0,0.0370899445016096,0.0450252870824602,0.1601033895447112,0.0,0.0,0.4869206383329846,0.0151103874740281,0.0,0.1746582431396849,0.0,0.0,0.0,0.0,0.5735778213073898,0.0130007779355488,0.0436645607849212,0.0,0.0689535040949482,0.0074800587913372,0.2437678544373752,0.02429465747079487,0.021985553010307687,0.045941324855952544,44.0,21.0,0.6553911205073996
https://react.dev/learn/setup,react.dev,80437a44a661d141,Setup,2652.0,402.0,13.0,26.030166475315752,0.017412935323383,13.0,0.0,0.0,1.0,1.0,6.0,2.0,82.0,11.0,1.0,1.0,0,0.0,0.0308372753788177,0.1293394732793782,0.0218226308054015,0.059637263516557,0.1108356029361272,0.0338520864980288,0.0,0.0213916026272127,0.1422323781675638,0.1137870108985216,0.1219667256122471,0.0,0.0,0.0346861286287269,0.0,0.0,0.0,0.0603044089141847,0.0,0.0,0.0,0.0,0.0,0.0,0.0,0.0,0.0334482832310588,0.0,0.0,0.0,0.0,0.0424629278044751,0.0,0.0,0.8717086677750283,0.0440836651650607,0.0,0.0,0.0,0.0,0.0,0.0,0.3750678187359633,0.0,0.0424629278044751,0.0,0.0,0.0654678924162047,0.0,0.01047763914625531,0.022927369107344782,0.012816243590575744,12.0,21.0,1.0
https://react.dev/reference/react/components,react.dev,353c847ec3d51fb7,Built,3280.0,408.0,15.0,-2.82888235294115,0.0122549019607843,33.0,0.0,0.0,1.0,1.0,3.0,8.0,158.0,11.0,1.0,1.0,0,0.0,0.0917934618168939,0.0,0.0433063514414936,0.2662837817652062,0.0,0.0,0.0,0.0212254945229048,0.0352819820981398,0.0752689616479655,0.4840785632706394,0.0,0.0,0.0,0.0,0.0448565525111671,0.0,0.0598361386671768,0.0,0.0,0.0542561136037913,0.0,0.0,0.0,0.0,0.0252096413253586,0.0,0.0,0.0,0.0,0.0,0.0,0.0,0.0,0.7688353385252711,0.065612026117219,0.0,0.0,0.1699925312433739,0.0,0.0,0.0,0.1145093466532043,0.0,0.0,0.0,0.1746549839489222,0.0,0.0,0.005852732797560897,0.024012710850122933,0.012448483709424236,11.0,24.0,1.0
https://react.dev/community/team,react.dev,1ebe37b39f61c512,Meet the Team,9614.0,1526.0,90.0,46.86954099315568,0.0406290956749672,21.0,0.0,0.0,1.0,1.0,3.0,22.0,36.0,68.0,85.0,1.0,0,0.0,0.0247003864451824,0.0,0.0174797354021173,0.0716533855843174,0.0295927811474514,0.0,0.0,0.0685379424846179,0.0284817210875363,0.0303807984234373,0.0244235687091977,0.0,0.0587381760876337,0.0277832840577534,0.0,0.0,0.0221339397719787,0.0483033013205777,0.0,0.0,0.0,0.0,0.0,0.0320895543738181,0.0680248636418038,0.0203507266385566,0.0535835615556735,0.0,0.0,0.0,0.0,0.0,0.0,0.0,0.982695451205448,0.0353106281965813,0.0,0.0,0.0274456228018626,0.0,0.0,0.0,0.0231096942358613,0.0,0.0,0.0,0.0201417034319363,0.0174797354021173,0.0335086827993279,0.02400288588578799,0.01979423950923652,0.04604425978265406,44.0,16.0,0.6553911205073996
https://react.dev/,react.dev,6b810c90aa9a9985,React,8106.0,1197.0,81.0,54.86412698412701,0.0827067669172932,5.0,1.0,260.0,1.0,2.0,15.0,32.0,34.0,64.0,43.0,0.4418604651162791,0,0.0,0.0185322905133629,0.0388645991614625,0.0131147557260965,0.0268801737345606,0.0333044597423639,0.0712043599233034,0.012759481900613,0.0192835808075104,0.0,0.0,0.1649213887915475,0.101828963700213,0.0,0.0729586812136287,0.0,0.0271684272314439,0.0,0.0090602915749325,0.0324608840913997,0.0485065860372495,0.0082153731828732,0.0,0.0356132003128242,0.0,0.076556891403678,0.0229032192913721,0.0402028580279191,0.0,0.0,0.0406435276448312,0.0,0.0,0.0,0.0,0.9604304035375412,0.0198697342671339,0.0,0.076556891403678,0.0514799896160632,0.0,0.0,0.0,0.0086694102581035,0.0,0.0,0.0133667051466298,0.0226679793206705,0.0131147557260965,0.0125705046302705,0.02429465747079487,0.020866455945603667,0.04599389340639997,44.0,21.0,0.6553911205073996
https://react.dev/blog/2025/10/16/react-conf-2025-recap,react.dev,8f88618e5c081874,React Conf 2025 Recap,7088.0,1115.0,65.0,52.546357364608525,0.063677130044843,29.0,0.0,0.0,1.0,1.0,7.0,0.0,40.0,108.0,1.0,1.0,0,0.0,0.060947163161799,0.0,0.0107826277125484,0.0589339036185328,0.0730189410197226,0.050179254177395,0.0,0.0317089661683111,0.1054161706803677,0.037481670228283,0.0301320635289739,0.0,0.0,0.0,0.0,0.0,0.0,0.0595931807255789,0.0,0.0,0.0,0.0,0.0,0.0,0.0209810607246833,0.0125536401996576,0.033053795293564,0.0,0.0,0.2004966177052808,0.0,0.0,0.0,0.0,0.9571419608933026,0.0217818719437728,0.0,0.0,0.0507906886809628,0.0,0.0,0.0,0.0142555492839974,0.0562225053424246,0.0,0.0,0.0372741036303366,0.0323478831376452,0.0,0.004002667653596047,0.021231322261595464,0.003971778041932851,4.0,19.0,0.9824561403508771
https://react.dev/versions,react.dev,8ae435c037284df2,React Versions,6831.0,711.0,349.0,62.22035653403941,0.2109704641350211,22.0,0.0,0.0,1.0,1.0,4.0,19.0,63.0,209.0,1.0,1.0,0,0.1664824431367655,0.0727880017098826,0.0,0.0187308811862483,0.0447895670218403,0.007927735387465,0.0072640120221461,0.0,0.0091804597430705,0.0457805328339711,0.0,0.0130858663793258,0.0,0.0,0.0,0.0,0.0,0.0059295548032479,0.025880351650795,0.0,0.0,0.0,0.0,0.0,0.0,0.0,0.0,0.0,0.0,0.0,0.0580482857023769,0.0,0.0,0.0,0.0,0.9768273824490068,0.0094595136331674,0.0538606971258159,0.0,0.0220575721524654,0.0,0.0,0.0,0.0123819075925489,0.0162776813413272,0.0,0.0,0.0,0.0,0.0,0.024751990974424244,0.02514466040923712,0.04579292870524556,44.0,40.0,0.549645390070922
https://react.dev/blog/2024/12/05/react-19,react.dev,f2b2fa8642816e8d,React v19,28804.0,4208.0,228.0,46.244222867053594,0.0261406844106463,17.0,0.0,0.0,1.0,1.0,4.0,30.0,56.0,18.0,1.0,1.0,0,0.0,0.1939301512555525,0.0,0.0249524821142722,0.0852382192430651,0.0915285922906555,0.0193536148415199,0.0242765287102445,0.008153211631707,0.0067763195463316,0.1301066026181902,0.203378394635384,0.2214199855500765,0.0,0.0528811893756593,0.0092258327312531,0.1206131973548903,0.0,0.1436529256277173,0.0617609390994885,0.1968851567680303,0.0468923607932266,0.0,0.0451724130385174,0.0152693774275834,0.0323687049469927,0.0193672322369944,0.0509940160450023,0.0,0.0,0.1495036106209028,0.0083443541314005,0.0,0.0,0.0,0.6767927263901041,0.0210026019237345,0.0318893007240743,0.2751339920494383,0.3460800845967613,0.0,0.0,0.0,0.0604803830171687,0.173475470157587,0.0485530574204891,0.0084772825882515,0.138970251447944,0.0374287231714083,0.1195848777152789,0.0034893637482140104,0.022016792370756436,0.00422197050132562,4.0,20.0,0.9736842105263158
https://react.dev/reference/react-dom/client,react.dev,8218495985cc1eb2,Client React DOM APIs,3339.0,430.0,15.0,1.0620542635658978,0.1395348837209302,29.0,0.0,0.0,1.0,1.0,3.0,8.0,156.0,11.0,1.0,1.0,0,0.0,0.0792544336631159,0.0,0.0373906843644039,0.383182162428445,0.031650774851409,0.0,0.0,0.0183260824282672,0.0304624474810431,0.0649871876465434,0.2873428345494467,0.0,0.0,0.0,0.0,0.0387291272710022,0.0,0.2066499808936062,0.0,0.0,0.0234223520462041,0.0,0.0338448782403015,0.0,0.0,0.0217659929862659,0.0,0.0,0.0,0.0,0.0,0.0,0.0,0.0,0.8021062701249333,0.0566493938509762,0.0,0.0,0.1761257700579316,0.0,0.0,0.0,0.0741504888134326,0.0649871876465434,0.0,0.0,0.150797034618046,0.0,0.0,0.006018896850397257,0.024468906712378613,0.013456440470147508,12.0,25.0,0.9569230769230769
https://react.dev/blog/2024/10/21/react-compiler-beta-release,react.dev,f7fd3efb9c034b9c,React Compiler Beta Release,9357.0,1512.0,71.0,41.813836351442006,0.1183862433862433,35.0,0.0,0.0,1.0,1.0,8.0,2.0,34.0,31.0,1.0,1.0,0,0.0,0.0430555754764917,0.0601953899997183,0.0060938323259452,0.0416333263721528,0.0103167148828305,0.0189059642571896,0.0118575053767184,0.0597347041958014,0.6950561897437743,0.0,0.0085146101523382,0.0,0.0,0.0096858831450932,0.0,0.0,0.0,0.0084198133514525,0.0,0.0,0.0,0.0,0.0,0.0,0.0,0.0496630750383345,0.0,0.0,0.0,0.0453244905708189,0.0,0.0,0.0,0.0,0.6761643331873562,0.0123100860856107,0.1985920796661583,0.0,0.0,0.0,0.0,0.0,0.0080565637029119,0.0105914355830777,0.0,0.0,0.0491529834146049,0.0365629939556716,0.0,0.0035035702098812774,0.022435587550143573,0.004214202224461011,4.0,21.0,0.9714285714285714
https://react.dev/blog/2022/03/08/react-18-upgrade-guide,react.dev,f550a4fb64f57f6f,How to Upgrade to React 18,16748.0,2556.0,148.0,50.688774267225,0.0786384976525821,34.0,0.0,0.0,1.0,1.0,13.0,5.0,28.0,37.0,1.0,1.0,0,0.0,0.0079367221827264,0.0554810941232791,0.0730155964274809,0.0844200444267363,0.1711574147169842,0.0,0.0765020644127827,0.0385395413527564,0.0,0.1561912125132866,0.0313911006997126,0.1121393070288701,0.0,0.0,0.0747595380192467,0.0,0.0,0.1474476481344637,0.0370715850302269,0.0332378383239846,0.007036705423204,0.0,0.0508395650853959,0.08248806263747,0.0327865990340497,0.0392345432907196,0.0516523710151933,0.0,0.0,0.181024273658352,0.0112694445062443,0.0,0.0,0.0,0.8808027155855928,0.0113460024893041,0.0430680073249206,0.043715465378733,0.1146446712207631,0.0,0.0,0.0,0.0891072161732402,0.1464292617312062,0.0218577326893665,0.0457958826711574,0.0776631271486813,0.0393160903840282,0.0,0.003511080116690048,0.021029382246682403,0.004197465648851343,4.0,17.0,0.9934640522875817
https://react.dev/reference/react-compiler/configuration,react.dev,0652e436f42d75f5,Configuration,5085.0,614.0,30.0,1.8427665580890675,0.017915309446254,21.0,0.0,0.0,1.0,1.0,7.0,12.0,157.0,11.0,1.0,1.0,1,0.0,0.1173342299768804,0.0,0.033213590372908,0.2042250191048042,0.0,0.0515221718334473,0.0,0.0651151488943675,0.3247120836402121,0.0577271549497089,0.2320385257243681,0.0,0.0,0.0,0.0,0.0344025093561509,0.0,0.0458910282911515,0.0,0.0,0.1040286397075511,0.0,0.0,0.0304869979351076,0.0646276932744109,0.0193344087543274,0.0,0.0521499697964531,0.0,0.0,0.0,0.0,0.0,0.0,0.8353437765981836,0.050320816380432,0.0,0.0,0.1303749244911329,0.0,0.0,0.0,0.0658667794736822,0.0,0.0,0.0,0.1722224177397751,0.016606795186454,0.0,0.006366689844960479,0.023950536063644667,0.01463526397494438,13.0,24.0,0.96
https://react.dev/blog,react.dev,2359dca8308d0694,React Blog,7830.0,1270.0,58.0,55.04543307086618,0.0748031496062992,18.0,0.0,0.0,1.0,1.0,23.0,2.0,47.0,16.0,1.0,1.0,0,0.0123874673494597,0.1344137942998345,0.0,0.0073169753965342,0.0199959571216897,0.0619373367472986,0.0227007354187667,0.028475045083313,0.0215173639940345,0.0834566618761555,0.0,0.0817891791744701,0.0,0.0,0.0,0.0,0.0,0.0092652142045766,0.0101098231524498,0.0,0.0,0.0,0.0,0.0,0.0,0.0,0.0085187654555615,0.0785048270981934,0.0,0.0,0.1632658225375534,0.0,0.0,0.0,0.0,0.9417840743504436,0.0147809444369081,0.1823465072922264,0.0,0.0919093760467162,0.0,0.0,0.0,0.0096736626874079,0.0,0.0,0.0,0.0,0.0,0.0,0.02453323202255454,0.020955729128176195,0.04598969988114672,44.0,28.0,0.6553911205073996
https://react.dev/learn/add-react-to-an-existing-project,react.dev,e2f4073878e6dd95,Add React to an Existing Project,8303.0,1339.0,74.0,53.76607386512728,0.1120238984316654,40.0,0.0,0.0,1.0,1.0,4.0,6.0,86.0,31.0,1.0,1.0,0,0.0,0.0129074101298201,0.1443653376924553,0.0091341936814057,0.024962082731768,0.3247434789733806,0.0425079153860988,0.0,0.0716302423094704,0.0148833807153523,0.1111303251611382,0.153153078246649,0.081053781491006,0.0,0.0145184061343567,0.0,0.0946116273661809,0.0115662902303048,0.0757239797222584,0.0602891396638583,0.013513589149247,0.0,0.0,0.0826798648448426,0.0670747463980377,0.2132820430154292,0.0,0.0560011485448186,0.0,0.0264095592228214,0.0,0.0,0.0177735035846191,0.0,0.0,0.8378425272533163,0.0184518878312432,0.0,0.0177735035846191,0.0860517491638868,0.0,0.0,0.0,0.1449141545079821,0.0,0.0,0.0,0.084201833031617,0.0730735494512457,0.0,0.010917183531383035,0.022933090600167415,0.012615010127583275,12.0,21.0,1.0
https://react.dev/reference/react-compiler/compiling-libraries,react.dev,64f3361029535114,Compiling Libraries,5995.0,783.0,34.0,9.61417004732928,0.0076628352490421,27.0,0.0,0.0,1.0,1.0,7.0,13.0,154.0,11.0,1.0,1.0,1,0.0,0.0965449237715806,0.0269956179872522,0.0273287986921185,0.1680403826369163,0.0,0.0847869228474345,0.0,0.1205505711943242,0.3339744012566971,0.047499044185725,0.1336481199713011,0.0,0.0,0.0,0.0,0.0283070647329012,0.0,0.0377600452062596,0.0225475534385242,0.0,0.0171193642172547,0.0,0.0,0.0,0.0265884717611413,0.2704484730098779,0.0,0.1072750649934138,0.0,0.0,0.0,0.0,0.0,0.0,0.8288480069676125,0.041404962409774,0.0,0.0,0.1072750649934138,0.0,0.0,0.0,0.0541964881400693,0.0,0.0,0.0,0.1259626752338749,0.0136643993460592,0.0,0.006366689844960479,0.023950536063644667,0.01463526397494438,13.0,24.0,0.96
https://react.dev/community,react.dev,1ac2532327cdba76,React Community,1889.0,296.0,14.0,38.46824324324325,0.1182432432432432,23.0,0.0,0.0,1.0,1.0,5.0,1.0,35.0,21.0,1.0,1.0,0,0.0,0.0406123797336449,0.0,0.0287401840197881,0.0785416727793516,0.0,0.0,0.0,0.1690351456155603,0.0,0.0,0.0,0.0,0.0,0.0,0.0,0.0,0.0,0.0397101482596962,0.0,0.0,0.0,0.0,0.0,0.0,0.0,0.0,0.0,0.0,0.0,0.0,0.0,0.0,0.0,0.0,0.977952757152422,0.0580577410857799,0.0,0.0,0.0,0.0,0.0,0.0,0.0379969633235546,0.0,0.0,0.0,0.0,0.0,0.0,0.02400288588578799,0.01979423950923652,0.04604425978265408,44.0,16.0,0.6553911205073996
https://react.dev/learn/tutorial-tic-tac-toe,react.dev,fe276e071b8c9c8e,Tutorial: Tic-Tac,77611.0,10392.0,525.0,54.31614411085454,0.0060623556581986,29.0,0.0,0.0,1.0,1.0,5.0,27.0,81.0,32.0,16.0,1.0,0,0.0,0.0007818057483497,0.0251397253971798,0.0011065217661543,0.0015119609258709,0.0440229104802777,0.0034329564454287,0.0064592790332127,0.020066327997924,0.0009014908863287,0.1086607599300584,0.023964365095572,0.1423741120857319,0.0,0.0140701482432867,0.0,0.2143264962411398,0.0,0.0038221870253435,0.0018258657421666,0.1465154729950451,0.0034657485940972,0.0,0.0170270113104323,0.0172666354091622,0.0462914997380243,0.000644132232685,0.0313760606897241,0.0,0.0,0.0123450726916794,0.0,0.0021530930110709,0.0,0.0,0.0720299532042679,0.0016764546678163,0.0,0.1087311970590804,0.0008686967599132,0.0,0.6888662314513023,0.5942756444460489,0.0504705923004336,0.0,0.0010765465055354,0.0,0.0089252285114761,0.0049793479476943,0.2131810147564718,0.010109657741171568,0.022931557407302218,0.01266893481459485,12.0,21.0,0.9826839826839827
https://react.dev/reference/react,react.dev,6c9081fb851eeb72,React Reference Overview,5114.0,688.0,28.0,13.30982558139536,0.1002906976744186,32.0,0.0,0.0,1.0,1.0,7.0,8.0,171.0,11.0,1.0,1.0,0,0.0,0.0431787250900311,0.0,0.0203708739874584,0.2922668560060895,0.0,0.0158000333326722,0.0,0.0399370401666581,0.0829814550782419,0.0354057657101179,0.3130953483899532,0.0,0.0,0.0,0.0,0.0211000730447423,0.03869232178592,0.1548047619025443,0.0,0.0150688517935625,0.0255215324423078,0.0,0.0,0.0,0.0,0.0237167255893951,0.0,0.0,0.0,0.0,0.0,0.0,0.0,0.0,0.8589245522330681,0.0720142265606605,0.0,0.0,0.1439330114753066,0.0,0.0,0.0,0.040398037356195,0.0,0.0198190346332899,0.0,0.1056290852690858,0.0101854369937292,0.0,0.024413361916063955,0.0230618760693651,0.045890765574892495,44.0,24.0,0.6553911205073996
https://react.dev/community/versioning-policy,react.dev,8d2856cad0118579,Versioning Policy,14591.0,2335.0,169.0,49.77015559469359,0.006423982869379,25.0,0.0,0.0,1.0,1.0,3.0,10.0,39.0,25.0,1.0,1.0,1,0.0,0.0115792988260591,0.0323777072327594,0.0245829853800978,0.0895744110909354,0.0416184163872477,0.0508454032505781,0.3188938867245959,0.0321299150000722,0.0,0.0284844404600691,0.0343485881619979,0.0,0.0,0.0130245309800308,0.0,0.0,0.0,0.0452882274953425,0.0540856730445861,0.0,0.0,0.0,0.0,0.0300865365093902,0.0159446943362297,0.0095402209839211,0.062798619851016,0.0,0.0,0.1422108016809879,0.0,0.0,0.0,0.0,0.7516325037067647,0.016553276060336,0.502673335592901,0.0,0.0,0.0119832556694663,0.0,0.0,0.0108335979248651,0.0142422202300345,0.0318893886724595,0.0,0.1605179602420997,0.0737489561402934,0.0,0.00897804918075713,0.020909104669689538,0.006832784043257411,7.0,16.0,1.0
https://react.dev/learn/creating-a-react-app,react.dev,87a658bae29b6689,Creating a React App,7528.0,1217.0,69.0,54.97696068974554,0.0632703368940016,28.0,0.0,0.0,1.0,1.0,4.0,6.0,81.0,33.0,1.0,1.0,0,0.0,0.0148208011182617,0.0621622561223785,0.0209764881670623,0.0429936826920541,0.4439087672737246,0.1952371090878309,0.0,0.0102810862582425,0.0170896890492378,0.0911458960868978,0.1172376327764928,0.0465345860741615,0.0,0.100023664410104,0.0,0.0,0.0132808739673812,0.0289830940020526,0.0173065963574831,0.0310336799033254,0.0131401363439527,0.0,0.0,0.0192544721680159,0.2244906724650761,0.0122109049909616,0.0643027436665601,0.0,0.0,0.0650075757806915,0.0,0.0204082429513705,0.0,0.0,0.760325157631474,0.0211871906953296,0.0,0.0204082429513705,0.2140840805955656,0.0,0.0,0.0,0.180262538731431,0.0364583584347591,0.0,0.0,0.0362564587493683,0.0419529763341247,0.0,0.012278231016665073,0.022927185383023577,0.01705304779037124,16.0,22.0,0.9266666666666666
https://react.dev/blog/2021/06/08/the-plan-for-react-18,react.dev,ea31da5e128053bd,The Plan for React 18,5803.0,943.0,45.0,48.57232213974317,0.1092258748674443,29.0,0.0,0.0,1.0,1.0,6.0,0.0,26.0,29.0,1.0,1.0,0,0.0,0.0221339691485299,0.0,0.0313271150614237,0.0642084620591161,0.0530360694064882,0.0242979001535077,0.1219139009441941,0.0307083597219211,0.0,0.0272241754801866,0.0656577399110071,0.0,0.0,0.0,0.0,0.0,0.0,0.0216422480590448,0.0,0.0,0.0,0.0,0.0,0.0287553884258639,0.0,0.0547087418936922,0.0480161272364609,0.0,0.0,0.174752781410696,0.0,0.0,0.0,0.0,0.9037649791841632,0.0316417865304605,0.3302977336923992,0.0,0.0491879404159768,0.0,0.0,0.0,0.0207085528958709,0.0272241754801866,0.0,0.0,0.0180489420014021,0.0469906725921356,0.0,0.003361388860568172,0.020909104669689538,0.0031949093365400043,3.0,16.0,1.0
https://react.dev/reference/react-dom/server,react.dev,66c9f30f5be040e5,Server React DOM APIs,4035.0,536.0,27.0,13.381639027086806,0.1305970149253731,29.0,0.0,0.0,1.0,1.0,4.0,9.0,161.0,17.0,1.0,1.0,0,0.0,0.0694195839981642,0.0,0.0327507955582245,0.4698851927214107,0.0277231635108752,0.0,0.0,0.0160519602460857,0.0266822981877427,0.0569227906013442,0.2059247919022467,0.0,0.0,0.0,0.0,0.0339231482643999,0.0,0.113128968341387,0.0,0.0,0.0205158230291253,0.0,0.0296449959871921,0.0300621951841487,0.2230451213262178,0.0190650050549378,0.0,0.0,0.0,0.0,0.0,0.0,0.0,0.0,0.6783446194491115,0.0496196512058744,0.0,0.0,0.4113865390630897,0.0,0.0,0.0,0.0649489984190576,0.0284613953006721,0.0,0.0,0.1509535004091271,0.0,0.0,0.006162313523802608,0.024439462369407777,0.0144920420666618,13.0,25.0,0.9344729344729344
https://react.dev/learn/managing-state,react.dev,b1025fa9a8b26053,Managing State,16299.0,2253.0,163.0,53.60797962634692,0.033288948069241,22.0,0.0,0.0,1.0,1.0,16.0,3.0,100.0,20.0,1.0,1.0,0,0.0,0.0088325323114751,0.0123486382725196,0.0062505227631914,0.0170815368902459,0.243385726526231,0.0096960462340351,0.0364871906417345,0.024508263986108,0.0101846876910362,0.2172754538225139,0.1484702810011768,0.2218601986877546,0.0,0.0596096149435417,0.0,0.0517941397909038,0.0,0.0172726232689422,0.0309418641359632,0.2311835054519721,0.0,0.0,0.2036799988115301,0.0344244038242003,0.4743334783425493,0.0,0.0383215493291777,0.0,0.0,0.0232449585818734,0.0,0.0121623968805781,0.0,0.0,0.2774202065423665,0.0126266147769368,0.0,0.2067607469698292,0.0,0.0,0.0,0.0,0.5867242452448391,0.0,0.0608119844028909,0.0,0.0,0.0187515682895742,0.143787154519323,0.024294657470794866,0.021985553010307687,0.04594132485595252,44.0,21.0,0.6553911205073996
https://react.dev/reference/react-dom/components,react.dev,cb280674eeee2b37,React DOM Components,8187.0,1095.0,57.0,27.94837058399426,0.0611872146118721,28.0,0.0,0.0,1.0,1.0,6.0,12.0,167.0,182.0,1.0,1.0,0,0.0,0.0605501558109617,0.0,0.0285663736336405,0.1756500316763078,0.0967243981295338,0.0,0.0,0.0280021468868945,0.0232732208926099,0.0744750322948627,0.518886931130617,0.0,0.0,0.0454050164321833,0.0,0.118355760418391,0.0,0.1184099863229169,0.0471372227740923,0.0422625411977789,0.0178946085449965,0.0,0.0,0.052442567286715,0.1667551275633585,0.0166291550615426,0.0437846456141188,0.0,0.0,0.0,0.0286586244315142,0.0,0.0,0.0,0.7395944709611308,0.0577066285671533,0.0,0.0277925212605597,0.1121329782072965,0.0,0.0,0.0,0.056650756854778,0.0496500215299084,0.0277925212605597,0.0,0.1152084939596639,0.0285663736336405,0.1642853620142554,0.005852732797560897,0.024012710850122933,0.012448483709424234,11.0,24.0,1.0
https://react.dev/blog/2025/10/07/react-compiler-1,react.dev,b40da7e8232ec002,React Compiler v1.0,11985.0,1892.0,114.0,47.66302863395279,0.0808668076109936,27.0,0.0,0.0,1.0,1.0,9.0,0.0,44.0,41.0,1.0,1.0,0,0.0,0.0163993584586106,0.0802469874186407,0.0058026712913412,0.0158576406294708,0.0884140748589445,0.0360052886795831,0.0,0.0682567227833864,0.7185763784478579,0.0100853807431404,0.0162155705130176,0.0128727413529106,0.0,0.0184461905254671,0.0,0.0,0.0,0.0080175178113957,0.0287248720666464,0.0085847660488022,0.0,0.0,0.0315143795834187,0.0,0.0790367073613479,0.0,0.0088939502565141,0.0,0.0,0.0647383549864478,0.0,0.0,0.0,0.0,0.6610269857577752,0.0117219147659813,0.0444949233423219,0.0451638327779131,0.0,0.0,0.0,0.0,0.0230148722865444,0.0403415229725619,0.0112909581944782,0.0,0.0601771785539408,0.0232106851653649,0.0444949233423219,0.0035187310962093814,0.021596179014310084,0.004216735932208996,4.0,19.0,0.9883040935672515
https://react.dev/reference/react-compiler/directives,react.dev,5b41ba2601e37104,Directives,7046.0,880.0,16.0,-30.207045454545437,0.0295454545454545,18.0,0.0,0.0,1.0,1.0,7.0,18.0,162.0,11.0,1.0,1.0,0,0.0,0.0576804482076569,0.0268807391129032,0.0272125019793505,0.1673252928763627,0.0,0.0,0.0,0.0266750161346458,0.2438723358803274,0.094593827447971,0.1520907259869257,0.0,0.0,0.0,0.0,0.3664258655776838,0.0172290903151439,0.0375993587018533,0.0,0.4025955484397181,0.1193255936811935,0.0,0.0,0.0,0.0,0.0158410346665162,0.0,0.1495459837769653,0.0,0.0,0.0,0.0,0.0,0.0,0.5032444355496476,0.0412287650922559,0.0,0.1853272783796525,0.1068185598406895,0.0,0.0,0.0,0.0539658569482166,0.0,0.0,0.0,0.4860282518270462,0.0136062509896752,0.0,0.006238268840876542,0.024435477705381313,0.013558593297209891,12.0,25.0,0.98
https://react.dev,react.dev,6b810c90aa9a9985,React,8106.0,1197.0,81.0,54.86412698412701,0.0827067669172932,5.0,1.0,260.0,1.0,2.0,15.0,32.0,34.0,64.0,43.0,0.4418604651162791,0,0.0,0.0185322905133629,0.0388645991614625,0.0131147557260965,0.0268801737345606,0.0333044597423639,0.0712043599233034,0.012759481900613,0.0192835808075104,0.0,0.0,0.1649213887915475,0.101828963700213,0.0,0.0729586812136287,0.0,0.0271684272314439,0.0,0.0090602915749325,0.0324608840913997,0.0485065860372495,0.0082153731828732,0.0,0.0356132003128242,0.0,0.076556891403678,0.0229032192913721,0.0402028580279191,0.0,0.0,0.0406435276448312,0.0,0.0,0.0,0.0,0.9604304035375412,0.0198697342671339,0.0,0.076556891403678,0.0514799896160632,0.0,0.0,0.0,0.0086694102581035,0.0,0.0,0.0133667051466298,0.0226679793206705,0.0131147557260965,0.0125705046302705,0.02429465747079487,0.020866455945603667,0.04599389340639997,44.0,21.0,0.6553911205073996
https://17.react.dev,17.react.dev,6b810c90aa9a9985,React,2752.0,432.0,33.0,48.826893939393955,0.0300925925925925,57.0,0.0,0.0,1.0,1.0,0.0,7.0,23.0,18.0,2.0,0.5,0,0.0,0.0,0.0,0.0302994925871671,0.0,0.0512963287134343,0.047001713636345,0.1179147626804597,0.2376082740933052,0.0,0.4212982658818311,0.1270079418307785,0.0,0.0,0.3371181388004099,0.0,0.0,0.0383671221913713,0.0418646360093433,0.3499792326593854,0.0,0.0,0.0,0.0,0.0556242524562028,0.0,0.1058282651441719,0.04644105556522,0.0,0.0,0.0375600824082577,0.0,0.0,0.0,0.0,0.582745867994125,0.0306038418968554,0.0,0.0,0.0475744297899665,0.0,0.0,0.0,0.3204680130827899,0.0,0.0,0.0,0.0349137661291458,0.1514974629358357,0.0580841793498196,0.0024531762219208485,0.0,0.0011811471863314373,1.0,0.0,0.0
https://react.dev/blog/2025/10/01/react-19-2,react.dev,b9f2a98a28b0d9b0,React 19.2,12407.0,1868.0,111.0,49.67461668306424,0.0342612419700214,18.0,0.0,0.0,1.0,1.0,4.0,13.0,48.0,37.0,7.0,0.7142857142857143,0,0.0,0.2079960199523952,0.0181747680190974,0.0091995407681427,0.0879923253386268,0.1868952752516351,0.0,0.1074039438110127,0.036071346707885,0.0299797163130882,0.0639573511235837,0.1028325021517587,0.1836757118148551,0.0,0.0146222725048362,0.0,0.0,0.0,0.1398204828228645,0.0455403413995071,0.0408308008255296,0.0115255917990085,0.0,0.0166542732478518,0.0337773034776847,0.1253046011128481,0.0,0.0141004468229534,0.0,0.0,0.1140400316525149,0.0,0.0,0.0,0.0,0.8710570842779659,0.0185838947884664,0.0176355354590688,0.0716026292073418,0.1011119356472374,0.0,0.0,0.0,0.072975443633901,0.0799466889044797,0.0179006573018354,0.0,0.0954047506094084,0.0367981630725709,0.0176355354590688,0.0033769250298144276,0.020909104669689538,0.003162844939956435,3.0,16.0,1.0
https://react.dev/reference/react/legacy,react.dev,472263334aefe880,Legacy React APIs,3972.0,507.0,31.0,8.186317999618268,0.1005917159763313,25.0,0.0,0.0,1.0,1.0,3.0,8.0,175.0,12.0,1.0,1.0,0,0.0,0.0984787351924824,0.0,0.0522678735529108,0.4047092259213241,0.0,0.0,0.0,0.0341570055166925,0.0283886638274913,0.2119707546542237,0.292125245980222,0.0,0.0,0.0,0.0,0.0360925751324746,0.0,0.0722182226312845,0.0,0.0,0.0218278350320548,0.0,0.0,0.223892965626885,0.0,0.020284235471991,0.0267042449964404,0.0,0.0,0.0,0.0349577765148496,0.0,0.0,0.0,0.7217255884493008,0.0527928886563466,0.0,0.0,0.1367797537346093,0.0,0.0,0.0,0.0691025663935462,0.0,0.033901304276924,0.0,0.2810625327868561,0.0174226245176369,0.0667984022713037,0.005990897089199618,0.023983271726407233,0.013483901736926448,12.0,24.0,0.9733333333333334
https://react.dev/reference/react-dom,react.dev,4cc11403945defe5,React DOM APIs,4605.0,628.0,30.0,20.15964118895968,0.1146496815286624,22.0,0.0,0.0,1.0,1.0,5.0,8.0,175.0,11.0,1.0,1.0,1,0.0,0.0805721557112845,0.0,0.0285092697990184,0.4869414149782082,0.0,0.0,0.0,0.0139730854673499,0.0232266980061554,0.0495507717387103,0.2190902502652143,0.0,0.0,0.0,0.0,0.0295297921719954,0.0180501147802881,0.2560421200904271,0.0235214980185739,0.0,0.0178588374394272,0.0,0.0,0.1308443380759983,0.0,0.0165959135821474,0.0,0.0447635302972387,0.0,0.0,0.0,0.0,0.0,0.0,0.7170270011336761,0.0431934552871103,0.0,0.0,0.2238176514861936,0.0,0.0,0.0,0.0753833502380346,0.0,0.0,0.0,0.2135309309282602,0.0,0.0,0.024446807311402665,0.023547378697319547,0.04586795953760141,44.0,25.0,0.6553911205073996
https://react.dev/reference/react/apis,react.dev,353c847ec3d51fb7,Built,3749.0,489.0,21.0,8.2907975460123,0.0040899795501022,27.0,0.0,0.0,1.0,1.0,2.0,8.0,165.0,12.0,1.0,1.0,1,0.0,0.0879737163058274,0.0,0.0622564058574362,0.4253384611165507,0.0,0.0,0.0,0.0406845018512041,0.0338138144304934,0.2164105203438459,0.2899593102274339,0.0920737559108309,0.0,0.0,0.0,0.0429899640667936,0.0,0.0573462138125131,0.034242989206494,0.0307017608782408,0.0259991934695627,0.0,0.0,0.0,0.0,0.0241606078497476,0.0318074985953244,0.0,0.0,0.0,0.0,0.0,0.0,0.0,0.7368422610777802,0.0628817527701569,0.0,0.0,0.1629187354056381,0.0,0.0,0.0,0.1371804235487041,0.0,0.0,0.0,0.2391245318596863,0.0,0.0795637579979372,0.005852732797560897,0.024012710850122933,0.012448483709424245,11.0,24.0,1.0
https://react.dev/blog/2024/04/25/react-19-upgrade-guide,react.dev,d9d8d3aad7bb6f45,React 19 Upgrade Guide,22888.0,3276.0,251.0,50.54732038877461,0.0555555555555555,30.0,0.0,0.0,1.0,1.0,7.0,28.0,43.0,71.0,5.0,1.0,0,0.0,0.281188520630679,0.0137938837335491,0.0069820641245305,0.0381614115912242,0.0354614113157018,0.0054154203676462,0.1562372202570045,0.0205324751082771,0.0,0.0667437880648071,0.0439006160731579,0.0697010660820749,0.0,0.0,0.1394021321641498,0.0578559616524537,0.0,0.1350590942264271,0.0115210672618739,0.0516480979512594,0.0262423167771084,0.0,0.1137590299615445,0.038453326874468,0.0,0.0243865382002265,0.0267541137062297,0.043851258370209,0.005046784708805,0.0519309496307893,0.0,0.0,0.0,0.0,0.8728528553762841,0.0070521968632352,0.0401538867696687,0.1086867619179162,0.0,0.0,0.0,0.0,0.0738470524140926,0.0303380854840032,0.1086867619179162,0.1352077533059455,0.0160907086639335,0.0698206412453058,0.0066923144616114,0.0033461590544089006,0.0213427575376976,0.003199741672474726,3.0,19.0,0.9824561403508771
https://react.dev/blog/2023/03/16/introducing-react-dev,react.dev,19b7bdb59bbd9363,Introducing react.dev,14953.0,2266.0,143.0,59.44568164844864,0.028684907325684,29.0,0.0,0.0,1.0,1.0,8.0,4.0,60.0,47.0,4.0,1.0,0,0.0,0.0094402586083703,0.0,0.1068894839961063,0.0730273583999638,0.0791706054133958,0.0310895609662546,0.0129992359836743,0.013097282971186,0.0,0.0116112593818124,0.1026790758081467,0.163023704182728,0.0,0.0,0.0148203367438843,0.2214314340583726,0.0253781594794027,0.0092305368807949,0.0992124983983556,0.1284868982367397,0.0,0.0,0.0241882545914358,0.0,0.0779954159020461,0.0,0.1945518323761529,0.0,0.0,0.2153175981700015,0.0,0.0129992359836743,0.0,0.0,0.5633656307303203,0.0539815783918239,0.0,0.1429915958204178,0.0104894624823937,0.0,0.2731289947899672,0.5710878981972042,0.0706584863944736,0.0232225187636248,0.0,0.0,0.0615837779324021,0.0133611854995132,0.1408737855777651,0.0031978664256971812,0.022012889710854664,0.0021655231967617197,2.0,19.0,0.9883040935672515
https://react.dev/learn/describing-the-ui,react.dev,9aaf7d11beb5e832,Describing the UI,12077.0,1797.0,120.0,55.060750626043415,0.0244852531997774,25.0,0.0,0.0,1.0,1.0,20.0,3.0,105.0,22.0,5.0,1.0,0,0.0,0.0114867452707086,0.0481783674062321,0.0081288310370815,0.022214610280627,0.3027622370295273,0.0252194974885461,0.015817248091689,0.0159365499897438,0.0132452290060307,0.3249527835469631,0.4543205232627796,0.0360662647212184,0.0,0.0904429795964502,0.0,0.0673584957646443,0.0,0.0224631189165858,0.05365336523312,0.2405240938176885,0.0407366370551684,0.0,0.0735796365759824,0.0149230271259377,0.4428829465672931,0.0094639658164748,0.0622966692903102,0.0510535944238129,0.0235027690646775,0.0201534440061812,0.0,0.0474517442750671,0.0,0.0,0.4569957782536082,0.0246314481157807,0.0,0.2688932175587137,0.0,0.0,0.0,0.0,0.1289640572516998,0.0,0.0,0.0,0.0655673270570041,0.0243864931112447,0.0155829830649441,0.024294657470794866,0.021985553010307687,0.0459413248559525,44.0,21.0,0.6553911205073996
https://18.react.dev,18.react.dev,6b810c90aa9a9985,React,8020.0,1186.0,82.0,56.12411138074282,0.0826306913996627,5.0,1.0,260.0,1.0,2.0,15.0,32.0,34.0,64.0,43.0,0.4418604651162791,0,0.0,0.0281140472153543,0.0393058510511086,0.0132636550038774,0.0271853596289298,0.0336825842081254,0.0720127835027329,0.0129043475526723,0.0195025182635513,0.0108059908726073,0.0,0.1575275109087738,0.102985085817072,0.0,0.073787022600037,0.0,0.0274768858316415,0.0,0.0091631582161546,0.0328294309632047,0.0490573088855748,0.0083086469852359,0.0,0.0360175372228511,0.0,0.0774260853160343,0.0231632525609631,0.0406593039313053,0.0,0.0,0.0328839813767267,0.0,0.0,0.0,0.0,0.9615232541572664,0.0200953266566428,0.012713224715942,0.0774260853160343,0.0416515769645304,0.0,0.0,0.0,0.0087678390015111,0.0,0.0,0.0135184649494208,0.022925341777135,0.0132636550038774,0.012713224715942,0.0024531762219208485,0.0,0.0011811471863314373,1.0,0.0,0.0
